EKO 4h of Bulgaria – Final,,,,,,,,,,
,,,,,,,,,,
22/10/2022 - 14:55,,,,,,,,,,
,,,,,,,,,,
17 - SÉLESTAT KART INDOOR,,,,,,,,,,
,,,,,,,,,,
Laps,1,2,3,4,5,6,7,8,9,10
,-,55.533,55.026,54.805,54.733,54.738,54.545,55.04,55.2,54.621
10,54.474,54.48,54.433,54.62,54.354,55.078,55.496,54.485,54.438,54.343
20,55.219,54.352,54.635,54.675,54.84,54.405,54.413,54.182,54.652,54.654
30,54.434,54.265,54.505,54.633,54.495,54.691,54.471,54.738,54.349,54.399
40,54.389,54.49,54.673,175.578,55.611,55.024,55.279,55.153,55.316,55.229
50,55.139,55.306,54.946,55.935,55.048,55.098,55.522,55.027,55.128,55.169
60,54.88,54.956,54.636,55.122,54.702,54.882,54.75,55.556,55.725,55.291
70,54.88,55.545,55.097,55.942,55.524,55.919,54.974,55.016,55.015,54.704
80,54.931,55.428,55.017,54.958,55.416,54.929,175.643,55.287,54.925,54.779
90,54.792,54.622,55.344,54.681,54.603,55.386,55.166,54.702,54.62,54.637
100,55.35,54.745,54.657,54.721,55.382,54.782,54.767,55.107,55.444,54.805
110,55.302,54.764,54.869,55.596,174.744,174.846,55.402,55.339,54.856,54.543
120,55.222,54.969,54.769,55.017,97.49,98.906,88.681,76.702,92.392,56.696
130,55.327,57.057,55.831,55.424,55.088,54.972,54.857,54.729,55.468,55.013
140,54.878,54.437,55.092,56.015,55.341,55.457,54.854,55.71,55.241,54.922
150,54.53,55.08,55.096,54.952,54.764,175.909,55.375,56.033,55.011,54.891
160,56.036,55.178,54.564,54.632,55.674,54.791,54.911,55.239,55.079,54.437
170,54.198,54.999,55.325,54.826,54.96,54.654,54.623,54.673,54.738,54.282
180,55.057,55.016,55.397,54.525,55.05,55.159,54.47,54.746,54.525,54.518
190,54.857,54.401,55.353,54.98,55.23,54.995,54.652,175.404,55.094,54.537
200,54.78,55.063,54.574,55.255,54.804,55.678,55.002,54.806,54.613,55.242
210,54.847,55.093,55.073,54.773,55.06,55.124,54.779,55.182,54.853,54.962
220,55.071,54.968,55.045,54.837,55.105,175.647,56.163,54.941,54.749,55.142
230,55.222,54.48,174.073,54.932,55.12,54.994,54.604,54.618,54.661,55.556
240,54.594,56.088,,,,,,,,
,,,,,,,,,,
37 - FSB,,,,,,,,,,
,,,,,,,,,,
Laps,1,2,3,4,5,6,7,8,9,10
,-,55.399,55.193,55.386,55.006,55.127,55.132,54.795,55.515,54.728
10,54.634,55.188,54.774,54.701,55.095,55.071,54.891,56.415,55.438,54.974
20,54.82,54.958,54.88,54.828,54.857,54.561,54.608,54.485,55.187,55.567
30,54.663,55.151,54.747,54.721,55.851,55.223,55.289,55.259,55.401,54.947
40,54.857,54.345,54.81,175.314,55.611,55.462,55.309,54.849,54.616,55.056
50,54.902,55.115,55.257,54.99,56.587,56.018,55.121,54.985,54.997,55.272
60,54.593,55.15,55.059,54.942,54.717,54.911,55.172,55.614,54.963,54.915
70,54.989,54.992,54.598,55.157,55.427,55.209,55.297,55.176,55.31,55.586
80,54.943,55.323,54.976,54.886,54.925,55.528,175.311,55.506,54.872,54.662
90,54.62,54.38,55.125,55.026,54.504,56.159,54.693,54.346,54.776,54.336
100,54.308,55.205,54.357,54.33,54.694,54.243,54.496,54.87,54.6,54.411
110,54.462,54.346,56.218,54.354,54.856,175.196,176.079,54.898,54.843,54.696
120,54.778,54.347,54.906,54.632,92.33,99.319,91.411,74.097,90.561,56.637
130,56.751,56.631,57.215,56.255,55.961,55.193,56.17,55.355,55.438,54.719
140,55.414,54.92,54.995,55.669,54.956,55.094,55.154,55.183,55.597,55.063
150,54.801,56.938,54.854,175.146,57.874,55.487,55.911,56.657,55.099,55.009
160,55.07,55.13,55.393,55.439,55.117,55.225,56.227,54.97,55.252,55.351
170,56.166,55.181,55.18,55.063,55.907,55.01,55.218,55.17,57.354,55.239
180,55.294,55.576,55.301,55.196,55.848,55.183,55.472,54.973,55.535,174.652
190,55.383,55.13,55.189,55.609,55.427,55.555,55.082,55.429,55.092,55.291
200,55.776,55.489,55.087,56.249,55.067,55.089,55.756,55.348,55.319,55.026
210,55.244,55.227,55.119,55.08,55.859,55.901,55.677,55.519,55.338,55.413
220,55.335,55.704,56.273,55.417,55.81,55.311,55.587,175.027,55.34,55.194
230,54.814,175.204,55.314,54.637,54.977,55.152,55.696,55.123,55.45,54.731
240,55.124,55.168,,,,,,,,
,,,,,,,,,,
27 - PAUSILEV RACING TEAM,,,,,,,,,,
,,,,,,,,,,
Laps,1,2,3,4,5,6,7,8,9,10
,-,55.495,55.448,55.238,54.757,54.768,54.87,55.088,55.06,54.944
10,54.597,54.608,54.573,54.64,54.759,54.812,55.114,56.731,54.633,54.716
20,54.834,54.847,55.039,54.877,55.496,54.85,54.852,55.227,54.721,55.808
30,55.017,54.548,55.573,54.837,55.788,54.811,55.021,55.177,54.812,54.476
40,54.553,55.242,54.748,176.399,56.076,57.333,55.727,55.418,55.32,55.353
50,55.67,55.403,55.457,55.391,55.365,55.727,56.697,55.705,55.494,55.307
60,55.474,55.557,55.259,55.672,55.271,55.367,55.41,55.3,55.179,55.158
70,54.914,55.184,55.485,55.184,55.428,55.359,55.345,55.298,55.253,55.059
80,55.318,55.509,55.824,55.199,55.312,55.294,176.106,55.602,55.518,55.204
90,54.813,54.829,54.588,54.971,54.775,55.005,55.065,55.02,55.613,55.221
100,55.154,55.045,55.287,55.311,54.945,55.005,54.987,54.819,55.252,55.013
110,54.86,55.534,55.571,55.683,55.342,174.019,55.807,54.827,54.87,56.297
120,54.84,54.72,55.142,54.809,54.849,106.483,95.216,89.729,78.963,100.897
130,57.426,55.667,55.435,55.625,55.69,55.464,55.634,55.574,55.533,55.525
140,55.573,55.292,55.105,56.045,54.91,55.218,55.299,55.481,55.499,55.58
150,55.088,55.26,55.515,56.495,56.046,176.494,55.098,55.129,54.838,55.307
160,55.266,55.178,55.274,55.138,55.499,55.815,55.244,55.175,55.041,54.862
170,55.017,55.004,55.061,176.21,55.151,56.052,55.496,55.156,55.24,174.881
180,55.687,55.607,173.997,55.193,54.812,54.722,54.793,54.82,54.819,54.616
190,55.228,54.999,55.414,55.68,54.8,54.721,54.674,54.958,54.798,55.64
200,54.864,55.27,54.781,55.201,54.918,54.609,54.71,54.917,54.739,55.531
210,56.346,54.922,54.725,55.435,55.594,55.211,54.749,54.64,54.927,55.078
220,54.882,54.964,54.872,55.219,173.463,54.397,54.534,54.909,55.555,54.965
230,54.353,54.155,54.874,54.926,54.569,54.465,55.211,55.135,55.24,54.965
240,55.261,,,,,,,,,
,,,,,,,,,,
48 - SLOW BUT TRYING,,,,,,,,,,
,,,,,,,,,,
Laps,1,2,3,4,5,6,7,8,9,10
,-,55.653,55.952,55.249,55.558,55.615,55.655,56.513,56.487,56.584
10,55.399,55.203,55.409,55.428,55.356,55.207,55.209,55.322,55.223,55.383
20,55.173,55.532,55.523,55.305,55.378,55.37,55.226,55.32,55.319,55.64
30,55.235,55.945,56.906,55.336,55.472,55.327,55.596,55.355,55.434,55.363
40,55.134,55.802,175.033,56.55,54.992,55.795,55.157,55.044,56.456,55.329
50,54.839,55.133,55.302,55.094,55.078,54.959,54.751,54.954,55.215,55.124
60,55.037,55.216,55.637,54.839,55.264,54.955,56.167,55.132,54.769,54.976
70,54.969,55.135,54.968,54.909,55.243,55.115,55.009,54.895,55.284,55.301
80,55.43,54.935,54.699,55.175,54.629,175.455,57.002,56.032,55.513,55.54
90,55.222,55.408,55.387,55.273,55.677,55.586,55.671,56.167,55.187,55.152
100,55.089,55.996,54.987,55.251,55.016,55.922,55.573,55.691,55.562,55.326
110,55.139,54.875,55.388,55.42,176.995,55.735,55.333,55.266,55.068,54.806
120,55.014,54.721,55.176,55.137,56.606,98.16,98.387,84.369,79.994,93.797
130,59.621,55.862,57.747,54.89,55.953,55.715,55.321,55.136,55.421,55.611
140,54.867,54.942,55.186,54.968,55.044,55.467,55.239,54.898,54.91,55.153
150,55.646,54.966,54.903,55.52,175.767,55.374,54.976,55.205,55.529,55.415
160,55.292,54.8,55.85,55.148,54.933,54.925,55.578,55.206,54.866,55.691
170,54.725,55.142,54.874,54.574,54.641,54.921,55.101,55.218,54.723,54.897
180,55.104,54.723,54.798,54.758,54.883,54.669,54.804,55.064,55.138,55.365
190,54.887,54.98,54.659,54.933,55.13,55.255,55.347,175.224,175.33,54.895
200,55.5,54.779,55.22,54.784,54.985,55.127,54.719,55,54.808,55.119
210,55.494,54.639,54.989,54.881,54.688,54.923,55.053,55.241,54.775,54.888
220,54.625,54.954,54.814,54.966,56.056,175.085,54.987,54.972,55.094,55.313
230,174.488,56.009,55.365,54.799,55.118,55.153,55.062,55.419,55.054,55.584
240,55.651,,,,,,,,,
,,,,,,,,,,
29 - VZ INTERCOM RACING,,,,,,,,,,
,,,,,,,,,,
Laps,1,2,3,4,5,6,7,8,9,10
,-,55.181,55.073,54.78,54.711,54.778,54.546,55.046,55.59,54.676
10,54.708,54.471,54.591,54.915,54.835,54.807,55.958,55.488,54.913,54.903
20,54.589,54.69,55.068,54.8,54.654,55.077,54.867,55.012,55.105,54.708
30,54.888,55.203,55.116,55.031,55.681,55.018,54.952,54.63,54.66,174.778
40,55.702,55.567,55.548,56.005,55.942,55.333,55.586,55.221,55.459,55.323
50,55.192,55.481,56.002,55.357,56.293,57.352,55.663,55.569,55.554,55.501
60,55.372,55.724,55.508,55.452,55.543,55.393,55.231,55.823,55.158,55.419
70,55.235,55.298,55.494,55.841,55.224,55.937,55.472,56.03,56.164,55.792
80,176.363,55.239,54.886,55.187,55.363,55.09,55.051,55.346,55.734,55.124
90,55.053,54.612,54.937,54.801,55.074,55.154,55.024,54.9,54.809,55.578
100,55.002,54.697,55.087,55.384,55.673,54.893,54.886,54.863,54.935,54.999
110,54.641,55.122,55.041,55.041,55.297,55.012,54.884,174.378,56.274,56.966
120,55.767,55.945,56.063,55.817,55.717,104.984,94.208,89.172,78.571,101.712
130,57.343,55.749,56.196,55.895,56.038,56.166,55.877,55.659,55.569,55.352
140,55.416,55.193,55.594,55.391,59.764,62.782,177.249,55.899,55.363,54.883
150,55.514,55.228,55.411,55.307,55.035,56.905,55.156,54.912,54.887,54.722
160,54.769,54.905,55.497,54.986,55.119,55.134,54.976,54.801,54.804,55.263
170,54.747,55.181,55.028,55.37,54.967,54.859,54.805,54.826,55.174,55.488
180,54.888,55.375,54.782,55.894,54.852,54.908,54.906,55.098,164.535,55.467
190,55.276,55.829,55.929,55.216,55.283,55.094,55.127,55.212,55.195,56.417
200,55.664,55.554,55.327,175.524,55.376,54.934,54.853,55.109,54.842,54.851
210,54.916,55.099,55.978,55.469,175.937,55.068,55.597,54.867,55.681,55.396
220,175.58,55.093,55.311,55.155,54.818,54.639,55.043,54.594,54.634,55.553
230,54.745,54.755,54.71,54.791,54.651,55.328,54.742,54.641,54.925,55.048
240,54.739,,,,,,,,,
,,,,,,,,,,
42 - KEB RACING,,,,,,,,,,
,,,,,,,,,,
Laps,1,2,3,4,5,6,7,8,9,10
,-,55.559,55.376,55.578,55.073,54.779,54.93,55.057,55.368,55.018
10,54.964,55.609,55.553,54.952,55.168,55.707,55.235,55.444,57.336,55.087
20,55.809,55.482,55.723,55.09,55.35,55.073,54.852,55.061,54.911,54.802
30,55.237,55.038,55.241,54.999,55.693,55.02,54.744,55.798,55.189,55.059
40,175.812,55.456,55.685,55.295,55.154,56.121,55.217,55.662,55.59,55.416
50,55.217,175.777,56.076,55.56,55.696,55.88,55.488,55.602,56.077,175.196
60,56.409,54.957,55.685,55.445,55.277,55.439,55.578,56.044,55.249,55.513
70,55.223,55.014,55.768,55.638,55.117,55.032,54.777,55.285,55.062,55.024
80,55.829,55.327,55.031,55.069,55.025,55.062,54.929,55.027,54.869,55.007
90,54.932,55.259,55.135,55.234,55.33,55.739,55.169,55.027,55.105,56.132
100,54.933,174.995,56.147,55.118,55.182,54.977,55.465,55.243,55.192,55.594
110,55.129,55.056,55.192,55.303,55.302,54.945,55.159,55.248,55.383,55.616
120,55.576,55.134,55.073,96.51,95.49,90.393,79.261,95.219,57.646,57.291
130,56.701,56.082,56.121,55.436,55.887,55.431,55.651,56.176,55.338,55.315
140,174.52,55.63,55.09,55.378,55.751,55.628,55.791,55.69,55.727,55.454
150,56.455,55.446,55.749,55.998,55.398,55.272,55.213,55.32,55.445,55.195
160,55.959,55.321,55.375,55.459,55.298,55.111,54.916,55.125,55.61,55.771
170,55.449,54.94,55.152,55.239,55.539,55.554,55.269,55.192,55.407,55.098
180,55.046,55.305,174.758,55.08,54.911,54.887,55.286,54.7,54.471,54.797
190,55.44,54.721,55.354,55.594,55.781,54.798,55.106,54.892,54.931,55.108
200,55.249,55.502,54.874,55.25,55.174,55.118,55.043,54.772,54.847,54.725
210,55.097,55.096,56.055,55.582,55.254,55.465,55.643,54.771,54.93,54.739
220,54.827,54.763,55.129,55.081,54.841,174.59,174.615,54.904,55.237,55.235
230,55.025,55.223,55.142,55.263,55.012,55.092,55.391,54.913,56.187,55.024
240,55.178,,,,,,,,,
,,,,,,,,,,
3 - PRO RACING,,,,,,,,,,
,,,,,,,,,,
Laps,1,2,3,4,5,6,7,8,9,10
,-,55.421,55.376,55.325,54.96,54.763,54.784,55.379,55.033,55.027
10,54.973,54.845,54.844,54.762,55.65,55.737,54.798,56.085,55.22,55.09
20,55.374,54.704,55.307,54.64,54.653,54.489,54.872,54.682,54.621,55.263
30,54.719,55.374,55.417,54.745,54.903,55.217,55.278,55.283,56.519,54.712
40,54.468,54.571,54.291,175.282,55.845,56.832,55.483,55.481,55.154,55.094
50,55.557,55.452,55.72,55.283,55.361,55.787,56.548,55.577,55.484,55.386
60,55.47,55.661,55.666,55.504,55.146,55.201,55.225,55.398,55.238,55.065
70,54.99,55.182,55.76,55.878,55.41,55.358,55.764,55.309,55.486,55.348
80,56.425,58.353,55.876,56.15,55.24,55.538,178.98,55.321,55.29,55.283
90,54.751,55.278,54.552,55.204,56.211,57.168,55.024,54.803,54.721,54.774
100,55.488,54.81,54.677,55.045,55.392,55.973,55.235,54.815,54.534,55.086
110,54.977,55.095,54.99,54.65,55.351,55.219,54.935,175.075,56.191,55.201
120,56.279,55.865,55.896,55.477,55.051,98.683,94.094,89.374,78.093,100.454
130,59.336,55.373,56.163,55.584,55.649,55.967,56.343,55.833,55.66,55.094
140,55.449,55.29,55.037,55.596,56.376,57.197,55.595,55.733,55.254,55.166
150,56.293,55.511,55.101,55.778,55.296,55.435,175.503,55.205,55.992,55.275
160,55.827,55.406,55.08,56.042,55.922,55.684,55.29,54.946,54.862,54.833
170,55.993,55.305,54.791,55.712,55.216,54.854,55.007,54.797,55.51,56.454
180,54.673,54.633,54.537,55.839,55.525,54.706,54.547,54.761,55.069,55.125
190,54.845,54.978,55.242,55.616,55.394,55.02,54.892,54.908,174.66,55.374
200,55.128,54.843,56.341,54.971,55.287,55.65,55.692,55.534,54.807,54.967
210,55.475,55.176,55.243,174.495,175.024,54.712,54.838,56.138,55.031,54.728
220,55.012,54.839,55.546,55.077,56.165,55.03,54.957,54.92,55.059,54.739
230,174.687,54.964,54.7,55.234,54.794,55.994,55.038,54.978,55.336,55.928
240,54.677,,,,,,,,,
,,,,,,,,,,
31 - ATLAS,,,,,,,,,,
,,,,,,,,,,
Laps,1,2,3,4,5,6,7,8,9,10
,-,55.406,55.32,55.452,55.199,55.062,54.65,55.273,56.203,54.86
10,54.657,54.707,55.081,54.635,54.842,55.97,55.022,56.439,56.785,55.015
20,55.468,55.133,54.626,54.746,54.561,54.791,54.82,55.482,54.761,54.649
30,54.85,54.958,54.713,56.047,55.301,54.811,55.37,54.983,55.441,55.286
40,54.926,175.744,56.278,54.977,55.207,55.256,55.302,55.218,55.294,55.99
50,55.662,55.568,55.083,55.412,55.445,55.478,55.413,55.561,56.315,56.434
60,55.177,55.169,55.336,56.202,55.226,55.066,54.985,55.214,55.095,55.385
70,55.024,54.737,54.994,55.15,56.12,55.28,55.051,55.013,55.602,54.945
80,55.76,56.319,55.594,176.557,55.931,55.324,55.743,55.785,55.544,55.442
90,55.279,55.228,55.039,54.99,55.152,54.968,54.862,55.486,55.108,55.092
100,54.786,54.88,55.136,57.748,55.432,54.776,55.119,55.46,54.981,176.239
110,56.68,55.936,56.162,55.13,55.582,55.25,177.162,55.241,54.515,54.429
120,55.045,55.199,55.378,98.896,98.365,83.755,80.429,94.131,59.894,55.91
130,58.729,56.063,57.343,55.953,55.515,55.481,55.85,55.761,55.872,55.966
140,55.334,56.068,175.443,55.697,55.724,56.274,55.58,55.928,55.586,55.435
150,55.345,55.017,55.136,54.984,56.033,55.263,55.197,55.211,55.214,54.905
160,55.398,55.047,55.363,55.714,54.817,55.636,54.867,55.016,54.783,55.178
170,55.048,55.01,55.691,55.735,55.276,55.719,54.757,55.29,54.723,54.97
180,54.807,55.103,55.118,55.044,175.706,55.712,55.311,55.442,55.329,55.059
190,55.38,55.251,54.94,55.326,54.897,55.247,54.906,54.774,55.178,55.05
200,54.935,55.081,54.994,55.078,55.277,55.092,55.265,175.312,55.096,54.788
210,54.954,54.969,55.322,55.059,55.222,55.047,55.524,55.423,55.082,55.716
220,55.751,55.382,56.142,55.493,55.62,175.666,55.049,55.146,54.955,55.132
230,55.044,54.931,55.504,55.215,54.941,55.075,54.864,55.029,55.193,55.758
240,56.017,,,,,,,,,
,,,,,,,,,,
13 - PLOVDIV RACING,,,,,,,,,,
,,,,,,,,,,
Laps,1,2,3,4,5,6,7,8,9,10
,-,55.601,55.368,54.876,55.801,54.859,55.045,55.007,54.798,54.781
10,54.806,54.814,54.558,54.878,54.825,55.475,54.883,55.732,57.001,54.923
20,55.117,55.308,54.657,54.893,54.448,54.766,54.627,54.825,54.878,54.987
30,54.999,55.168,54.861,55.153,54.791,54.612,55.083,54.861,56.513,54.929
40,54.341,54.358,175.869,56.096,55.997,55.358,55.31,55.673,55.764,55.623
50,55.557,55.457,55.106,56.481,55.701,55.549,55.556,55.574,56.3,56.675
60,56.291,56.001,55.464,55.751,55.542,55.904,55.671,55.48,55.458,55.451
70,55.46,55.479,55.514,55.278,55.015,55.566,55.444,56.109,55.516,55.278
80,56.656,55.725,57.072,176.892,56.003,55.379,55.044,55.2,54.819,55.347
90,54.51,54.868,55.011,54.493,55.93,54.863,55.932,54.807,54.733,55.054
100,54.943,55.272,54.569,55.167,54.811,55.347,54.81,54.807,54.682,55.094
110,54.669,55.394,54.765,54.645,55.489,54.785,54.54,175.383,56.223,55.76
120,56.372,56.094,56.843,57.26,57.26,98.813,95.429,90.446,79.082,95.856
130,57.776,56.964,56.745,55.367,56.702,55.735,56.539,55.542,55.926,55.618
140,55.51,55.212,55.335,56.001,55.977,55.712,55.448,55.282,56.352,55.504
150,55.125,55.905,57.439,55.331,55.139,176.76,55.039,54.954,54.976,54.606
160,54.869,56.111,55.688,55.673,55.316,55.006,55.824,54.617,54.62,54.783
170,54.741,54.754,54.957,54.896,54.535,54.744,54.831,54.522,54.916,56.088
180,54.694,54.712,54.808,55.329,54.87,54.744,54.421,55.226,54.855,54.724
190,54.621,54.833,55.27,54.811,54.663,54.723,54.76,54.395,160.447,55.378
200,55,54.927,55.303,55.04,55.125,54.955,56.103,54.976,55.565,54.868
210,55.82,55.528,55.079,54.964,54.852,55.831,55.487,55.08,55.137,55.399
220,55.451,174.788,54.776,174.687,55.009,55.002,173.797,55.754,55.131,55.315
230,54.344,54.315,55.238,54.168,54.536,54.748,54.808,55.062,54.775,55.129
240,54.551,,,,,,,,,
,,,,,,,,,,
1 - MONTANA EXTREME,,,,,,,,,,
,,,,,,,,,,
Laps,1,2,3,4,5,6,7,8,9,10
,-,56.005,55.011,54.43,55.445,54.857,55.456,55.273,54.908,54.911
10,54.861,54.774,54.796,54.805,54.633,55.019,55.237,55.911,57.97,55.168
20,55.236,55.221,55.781,55.077,55.512,55.215,55.001,55.2,54.862,55.094
30,55.352,55.164,55.34,55.412,55.223,55.056,54.891,54.971,54.726,55.035
40,56.348,55.104,175.239,55.557,55.027,56.343,54.961,55.122,55.583,54.868
50,54.926,55.155,55.459,55.168,55.301,55.291,55.118,55.176,55.983,55.704
60,55.434,55.445,55.188,55.584,55.452,56.102,55.342,55.215,55.231,54.898
70,55.405,54.838,55.913,55.475,55.462,55.175,55.83,55.89,55.258,56.122
80,55.534,55.594,55.183,55.477,177.67,56.09,55.33,55.259,55.133,56.032
90,55.256,55.004,55.113,55.045,55.457,55.749,56.38,55.494,54.878,55.374
100,55.03,55.414,55.33,55.558,55.17,55.267,55.678,57.944,55.169,55.239
110,55.157,175.908,56.192,55.54,176.262,55.668,55.333,54.977,55.26,55.236
120,55.09,56.528,55.128,94.147,98.969,90.256,75.252,92.439,58.384,58.23
130,57.958,58.164,58.637,56.073,55.675,55.952,56.102,55.917,55.916,55.859
140,55.582,55.951,55.642,184.678,56.855,55.822,56.283,57.063,55.867,55.507
150,55.916,56.548,55.809,56.066,56.484,56.356,57.051,55.891,55.747,55.657
160,55.508,55.715,55.25,55.841,56.226,55.672,55.757,56.069,56.762,175.755
170,55.072,55.159,55.351,55.224,55.598,55.144,55.429,54.803,56.094,56.289
180,55.046,54.998,54.996,55.167,55.417,55.467,55.087,54.935,55.439,55.264
190,54.916,55.029,55.28,54.929,54.848,174.574,54.705,55.397,55.378,55.252
200,55.194,55.55,55.174,54.884,54.84,56.137,55.41,54.975,54.921,57.069
210,55.592,55.733,55.252,55.535,55.289,54.991,54.836,55.35,55.522,55.039
220,55.307,55.745,175.782,56.656,55.435,55.117,55.029,54.816,55.505,55.229
230,54.971,55.108,56.531,55.176,55.832,56.265,55.216,55.178,55.122,55.391
,,,,,,,,,,
38 - SVL,,,,,,,,,,
,,,,,,,,,,
Laps,1,2,3,4,5,6,7,8,9,10
,-,57.335,56.348,56.243,55.944,55.814,55.731,57.049,55.754,55.614
10,55.661,55.556,56.669,55.604,176.566,56.587,55.5,55.641,55.976,56.09
20,56.195,55.516,56.21,55.874,55.891,56.196,55.639,55.902,56.262,56.549
30,177.13,56.323,55.539,56.204,56.024,55.43,55.456,55.714,55.68,56.008
40,55.553,56.374,57.494,56.349,55.935,55.835,56.143,55.839,56.061,55.534
50,56.006,55.663,55.754,55.815,55.795,55.906,56.537,55.85,55.746,55.747
60,55.859,56.29,56.067,55.935,56.017,55.965,55.61,55.879,56.041,55.909
70,56.205,176.731,55.749,55.407,55.363,55.13,55.861,55.298,56.149,55.265
80,55.625,55.39,55.475,56.656,55.273,54.987,55.156,54.816,54.863,55.134
90,55.832,55.424,56.083,55.038,55.58,55.645,55.921,55.225,55.652,55.453
100,55.093,55.114,55.211,55.479,55.465,55.773,55.323,55.447,56.108,55.329
110,55.333,55.373,176.816,56.49,56.155,55.734,56.396,56.664,55.747,55.897
120,55.855,56.222,93.339,99.124,91.438,74.342,91.699,58.045,58.792,57.359
130,57.71,61.531,57.837,58.631,56.654,56.549,57.365,177.62,55.472,55.598
140,55.671,55.987,55.508,56.431,56.268,55.54,55.51,55.744,55.508,55.867
150,55.711,55.752,56.513,56.57,56.318,56.362,55.271,55.546,56.182,56.07
160,55.833,55.428,56.002,56.749,55.773,55.7,56.019,56.151,56.143,55.778
170,55.755,56.145,55.928,55.666,176.44,55.423,55.344,55.714,55.362,55.497
180,55.063,55.378,55.241,55.549,54.908,54.995,55.699,55.238,55.452,55.32
190,55.318,56.296,55.512,56.228,56.335,56.478,55.713,55.595,55.464,55.757
200,56.05,55.586,55.556,55.161,55.508,56.222,55.145,55.167,55.177,54.974
210,55.886,55.375,55.352,57.512,177.39,55.569,55.516,56.098,55.44,54.918
220,55.76,55.485,55.377,55.989,177.346,55.49,55.235,55.232,55.857,55.945
230,55.978,55.439,56.164,57.152,55.748,55.979,55.945,55.341,55.764,
,,,,,,,,,,
19 - DRS RT,,,,,,,,,,
,,,,,,,,,,
Laps,1,2,3,4,5,6,7,8,9,10
,-,58.065,57.682,56.337,55.995,56.824,56.073,57.332,55.941,56.039
10,55.849,56.5,56.212,55.813,56.006,56.624,56.216,56.191,56.594,56.019
20,55.768,56.062,55.722,55.921,56.118,55.427,55.911,60.332,56.591,56.975
30,56.354,56.025,57.06,57.001,57.047,56.189,176.622,55.526,55.55,56.204
40,55.878,55.321,55.416,55.697,55.565,55.779,55.465,55.615,55.537,55.639
50,56.054,55.709,55.677,55.747,55.775,55.673,55.612,55.715,55.473,56.192
60,56.165,56.118,55.72,55.722,56.058,56.192,55.937,176.544,56.998,56.412
70,57.01,55.839,55.942,55.515,56.89,55.623,55.534,56.286,56.393,55.938
80,55.897,55.948,55.784,56.074,55.777,55.697,55.765,55.437,55.361,55.636
90,55.756,176.455,56.583,55.657,55.446,55.399,55.402,55.395,55.373,55.912
100,55.658,55.817,55.62,55.469,55.63,55.637,55.462,55.442,55.367,55.482
110,55.721,177.066,56.039,55.522,56.468,57.17,56.277,55.452,56.792,56.172
120,55.533,106.163,94.098,88.903,78.143,101.154,58.965,56.625,57.174,55.827
130,55.487,55.878,56.187,55.609,56.009,56.023,55.92,55.658,55.995,56.242
140,175.303,55.585,55.749,55.68,56.337,55.845,55.648,55.671,56.132,55.551
150,55.644,56.076,55.443,55.333,55.202,55.302,55.295,55.314,56.288,55.333
160,55.748,55.292,56.9,55.739,55.74,54.966,55.565,55.216,55.712,55.378
170,176.594,55.725,56.437,56.442,56.65,55.716,55.918,56.281,56.046,57.151
180,55.885,55.944,56.072,55.69,55.981,56.817,56.184,56.213,56.183,56.303
190,55.512,55.83,56.075,55.769,55.895,55.924,55.782,173.696,55.961,57.011
200,55.758,55.764,55.434,55.42,55.739,55.376,55.094,56.676,55.126,55.265
210,55.629,55.257,55.283,55.272,55.333,55.715,55.772,55.152,55.32,55.57
220,55.45,55.517,55.299,177.017,56.421,56.102,56.377,56.41,56.84,56.857
230,56.293,55.658,56.083,57.124,55.742,55.604,56.302,56.291,,
,,,,,,,,,,
43 - AIRSOFT.BG,,,,,,,,,,
,,,,,,,,,,
Laps,1,2,3,4,5,6,7,8,9,10
,-,57.935,57.324,56.48,56.009,56.446,56.211,56.584,56.979,56.268
10,56.212,56.174,56.231,56.688,56.24,57.638,57.133,56.14,56.008,55.937
20,56,56.169,56.213,55.927,56.619,56.329,56.278,57.031,56.309,57.382
30,56.742,56.417,56.24,57.799,56.508,57.158,56.349,56.792,57.307,56.26
40,57.389,176.605,56.274,55.64,56.021,55.861,55.712,56.266,55.735,55.744
50,55.928,56.088,55.698,55.853,56.334,56.207,55.972,55.775,55.81,55.561
60,55.99,55.766,55.674,55.52,56.465,55.822,55.945,55.84,56.925,55.665
70,56.032,176.174,58.114,57.051,56.813,55.836,55.584,56.07,55.705,55.553
80,55.428,55.578,55.603,55.708,55.569,55.401,55.424,55.502,55.155,55.338
90,55.35,56.387,55.523,56.561,55.602,55.47,55.513,56.245,55.543,55.608
100,55.633,55.333,55.094,55.16,55.344,55.746,55.359,55.595,55.434,55.194
110,55.298,55.441,55.499,55.497,176.739,57.478,57.627,56.31,56.147,56.807
120,56.423,55.813,56.118,105.857,94.255,88.996,78.141,101.075,61.408,58.563
130,58.224,57.801,59.185,57.313,57.242,56.668,57.97,57.428,56.843,56.689
140,57.231,56.7,56.69,57.795,58.446,56.984,57.235,57.76,176.75,55.712
150,55.181,55.555,55.808,56.362,55.348,55.926,56.514,55.937,55.084,55.565
160,55.358,55.54,55.805,55.406,56.101,55.729,56.024,55.148,55.461,55.911
170,55.284,56.025,55.326,55.129,55.14,55.302,54.708,54.841,55.101,54.862
180,55.399,55.38,55.077,54.905,54.817,54.9,54.789,54.9,55.066,55.342
190,55.288,176.47,55.455,55.827,55.638,55.41,55.297,55.53,55.481,55.363
200,55.446,55.128,55.5,55.566,55.365,55.442,55.39,55.428,55.44,55.615
210,54.883,56.134,55.171,56.024,177.277,175.786,55.311,184.283,55.201,55.274
220,55.481,55.315,56.101,55.626,55.215,54.852,56.383,55.968,55.09,55.286
230,55.177,55.075,54.868,55.101,55.41,54.937,55.284,55.321,,
,,,,,,,,,,
18 - VMW,,,,,,,,,,
,,,,,,,,,,
Laps,1,2,3,4,5,6,7,8,9,10
,-,58.345,58.036,57.43,56.395,56.358,56.493,56.881,56.476,56.494
10,56.836,56.604,56.21,56.412,56.508,177.054,57.576,56.31,56.078,56.746
20,57.391,56.032,56.546,56.985,56.758,55.9,55.865,55.67,55.976,55.873
30,56.038,55.691,55.656,56.079,55.567,55.912,56.064,177.276,57.056,55.891
40,56.408,55.523,57.451,56.811,55.723,55.709,55.807,55.634,55.982,56.296
50,55.73,55.848,56.1,55.333,55.558,55.698,55.623,55.924,55.631,56.353
60,55.296,56.647,55.661,55.859,56.948,56.867,56.959,57.171,175.621,57.566
70,56.646,56.681,56.552,56.274,56.311,57.15,56.651,57.28,56.182,56.485
80,56.331,56.54,55.895,56.667,57.289,55.677,56.116,55.569,55.494,56.735
90,56.799,55.839,55.75,55.888,55.946,56.548,56.585,56.233,56.347,56.065
100,55.598,56.212,56.304,176.291,57.256,56.648,57.658,58.01,56.924,57.208
110,56.746,57.027,56.785,56.568,56.869,57.373,57.486,56.768,57.074,56.874
120,56.771,82.512,100.148,91.127,72.986,88.793,58.388,58.184,56.991,57.708
130,58.538,57.335,56.208,56.518,55.978,56.301,56.322,56.252,56.138,57.526
140,178.176,56.624,56.147,56.939,56.197,56.778,56.809,56.399,56.785,56.142
150,56.164,56.555,56.922,56.175,56.954,56.389,55.984,55.754,56.36,55.784
160,56.888,56.175,56.3,56.283,55.883,56.336,56.033,56.413,178.677,56.074
170,55.987,55.829,55.783,55.948,55.822,55.641,55.736,56.37,55.497,56.935
180,55.902,56.158,56.087,55.407,56.167,56.097,55.825,55.494,55.682,55.653
190,55.157,55.299,55.51,55.603,55.519,55.353,55.885,55.085,57.19,56.209
200,55.454,56.098,55.425,55.355,55.642,178.526,56.367,57.171,55.825,55.223
210,55.471,56.327,55.622,56.365,55.275,55.104,55.478,55.309,175.874,56.249
220,55.573,56.244,55.629,55.912,55.797,55.433,55.747,55.782,56.335,55.688
230,55.495,56.372,56.377,56.794,55.505,56.18,56.1,,,
,,,,,,,,,,
5 - SUPER MARIO RACING,,,,,,,,,,
,,,,,,,,,,
Laps,1,2,3,4,5,6,7,8,9,10
,-,56.435,56.569,55.329,55.383,55.561,55.623,56.74,56.644,56.729
10,55.478,55.232,55.728,55.624,55.641,56.249,55.682,55.959,56.459,56.292
20,55.931,55.891,56.029,56.254,56.427,55.677,56.57,56.275,179.729,58.255
30,58.048,57.737,57.041,57.349,57.56,56.145,57.161,57.709,56.578,56.697
40,57.485,56.737,56.615,56.27,57.552,55.993,56.498,56.474,57.13,56.747
50,57.137,55.962,56.634,56.224,178.686,56.981,55.172,54.807,55.021,54.817
60,54.66,55.338,54.783,55.385,55.51,54.863,55.818,55.554,56.455,55.336
70,55.424,55.608,57.056,55.495,54.878,55.107,55.223,55.336,55.019,54.915
80,54.866,55.212,55.407,178.325,57.695,56.442,56.616,56.37,56.866,56.165
90,56.194,56.108,56.344,56.561,56.574,56.48,56.801,56.399,56.75,56.25
100,56.342,56.67,56.066,56.27,55.875,57.451,57.198,179.901,57.921,56.486
110,57.16,56.104,56.551,56.774,56.355,55.969,56.321,56.75,56.477,59.082
120,55.795,94.424,98.961,91.67,74.013,91.106,58.908,58.777,56.939,58.766
130,58.767,58.004,60.007,58.105,180.085,55.865,55.167,55.135,54.807,55.259
140,56.034,55.437,56.031,55.411,54.925,56.156,54.963,55.385,56.56,56.237
150,55.761,55.629,55.467,55.111,55.03,54.624,55.211,55.848,55.043,54.768
160,54.923,55.101,54.53,54.937,55.455,178.716,57.025,56.675,56.38,56.66
170,56.971,56.791,56.017,55.648,56.16,55.865,56.836,56.49,56.399,56.044
180,58.025,56.027,56.129,55.604,55.833,56.037,56.159,56.494,55.607,55.88
190,178.689,58.028,56.77,57.008,57.116,57.03,58.063,57.254,58.561,57.229
200,56.472,57.235,56.935,57.607,57.391,56.703,57.354,57,56.765,57.257
210,58.074,56.622,56.916,56.614,179.238,55.13,55.544,55.856,55.188,55.75
220,56.35,55.245,54.756,55.052,54.99,55.252,54.982,54.906,55.086,54.968
230,55.263,55.044,55.309,56.096,55.569,56.043,55.234,,,
,,,,,,,,,,
47 - SUICIDE SQUAD,,,,,,,,,,
,,,,,,,,,,
Laps,1,2,3,4,5,6,7,8,9,10
,-,69.017,56.446,55.824,55.549,57.205,57.73,55.492,56.368,56.178
10,56.405,55.901,57.025,56.817,56.315,56.149,57.286,56.024,55.614,56.503
20,56.028,56.093,56.272,56.257,55.872,56.02,55.946,55.867,55.714,55.815
30,55.989,56.078,55.571,58.244,55.793,56.162,178.094,56.945,56.477,56.949
40,56.985,58.026,56.826,57.622,57.125,57.98,56.689,55.958,55.597,56.191
50,56.295,56.088,56.943,56.106,56.471,55.718,55.851,56.196,56.483,55.618
60,56.2,55.872,55.992,55.536,55.913,56.644,56.562,55.716,55.905,56.445
70,56.095,56.238,178.803,57.203,55.937,56.169,56.071,55.646,57.652,56.802
80,56.014,56.336,56.582,55.673,56.121,55.499,56.573,56.394,56.086,55.974
90,56.228,55.85,56.817,55.955,56.704,56.4,55.89,57.435,56.725,57.308
100,56.559,56.445,56.147,56.039,56.123,55.927,178.387,57.081,56.16,56.588
110,56.839,56.063,56.33,58.042,58.671,58.075,57.109,57.151,55.311,56.061
120,56.031,56.357,106.145,94.073,88.968,78.149,101.092,61.357,58.744,61.254
130,57.164,57.305,57.645,56.651,57.23,56.586,57.81,56.224,56.582,179.394
140,56.751,56.229,56.362,56.595,56.375,57.356,57.017,57.339,56.63,55.971
150,56.468,56.003,56.268,56.453,55.926,56.859,56.372,56.138,55.755,56.16
160,56.717,56.541,55.712,55.972,55.556,56.033,56.331,55.981,56.087,56.355
170,177.909,57.225,56.96,56.034,56.18,56.044,55.943,56.319,57.356,56.336
180,57.761,56.133,57.555,55.905,56.484,55.852,55.648,56.15,55.928,55.779
190,55.774,55.66,55.788,56.301,56.361,56.296,55.861,55.566,56.125,56.197
200,176.599,56.109,177.114,55.739,56.137,64.742,55.727,57.42,55.478,59.671
210,56.24,55.981,56.822,57.72,56.821,176.39,57.159,56.658,55.818,55.741
220,56.025,56.558,55.925,55.73,55.518,55.434,55.702,55.75,55.338,55.15
230,55.418,55.134,56.454,55.21,55.364,,,,,
,,,,,,,,,,
15 - CLUBSPEED BG,,,,,,,,,,
,,,,,,,,,,
Laps,1,2,3,4,5,6,7,8,9,10
,-,57.685,56.308,55.714,56.187,56.041,55.878,55.742,55.628,55.262
10,55.768,55.39,56.229,55.628,56.052,55.804,55.396,56.139,55.85,55.638
20,55.479,55.708,55.729,56.119,55.444,55.418,55.981,55.851,57.395,55.555
30,55.308,55.496,55.705,55.787,55.605,55.901,55.546,56.007,55.391,55.514
40,55.655,55.641,173.744,56.223,55.96,56.392,55.939,55.836,56.32,56.389
50,57.769,56.931,55.6,56.569,57.147,55.807,55.646,55.433,55.571,55.095
60,55.639,55.332,56.643,55.215,55.781,55.449,55.978,55.358,55.366,56.012
70,55.664,55.893,55.191,55.402,56.037,55.415,55.62,55.896,55.772,56.207
80,56.701,56.711,57.016,175.85,56.997,56.435,55.939,56.152,55.51,55.503
90,55.449,55.608,55.466,64.443,57.038,55.805,55.798,55.409,56.223,57.118
100,56.561,57.394,55.821,175.738,176.094,55.79,55.213,54.681,55.417,55.359
110,55.025,56.05,54.996,54.871,54.996,54.989,54.833,55.191,54.884,55.013
120,54.868,54.999,91.386,99.851,91.089,73.896,90.429,57.308,57.425,57.942
130,57.867,56.989,55.52,55.305,56.065,56.34,55.648,55.335,55.251,55.406
140,55.455,55.16,54.932,179.173,56.671,56.23,56.439,56.556,56.987,56.275
150,56.204,56.082,56.144,57.429,56.527,56.235,176.735,56.037,56.168,55.026
160,55.334,55.669,55.239,56.32,55.407,56.015,55.424,55.951,55.378,55.94
170,55.372,55.059,55.428,55.529,55.149,55.92,55.215,55.358,55.154,55.582
180,54.784,55.208,54.948,55.565,54.863,55.258,55.389,55.399,54.948,55.001
190,55.2,55.519,56.6,55.469,176.805,56.369,54.845,54.99,54.896,54.914
200,55.574,55.227,54.817,55.02,55.332,55.408,54.978,55.117,55.538,55.402
210,55.084,54.974,54.73,175.117,176.266,176.027,55.15,55.068,56.222,55.275
220,55.228,54.974,55.008,55.076,55.123,55.167,54.923,55.119,56.504,55.489
230,55.22,55.126,55.386,56.338,56.803,,,,,
,,,,,,,,,,
44 - BEOKART GP,,,,,,,,,,
,,,,,,,,,,
Laps,1,2,3,4,5,6,7,8,9,10
,-,57.196,55.666,55.478,55.129,55.234,54.987,55.367,55.263,56.596
10,54.877,54.994,55.613,55.812,55.384,55.529,55.283,55.311,55.104,55.071
20,55.414,55.136,55.342,55.701,55.566,55.365,55.441,55.239,55.097,55.51
30,56.349,55.369,55.258,55.153,176.722,56.807,55.902,55.811,55.517,55.688
40,55.498,55.748,55.618,55.836,56.995,56.616,55.736,56.962,55.929,55.733
50,55.955,55.632,55.9,55.822,56.096,55.508,55.701,55.54,56.676,176.267
60,56.644,55.616,55.83,56.595,56.644,55.461,55.75,55.842,55.999,55.694
70,55.687,56.075,56.828,55.829,55.431,55.437,55.767,55.562,56.235,55.691
80,172.115,56.373,56.026,56.078,56.132,56.161,56.805,55.857,55.555,55.531
90,55.926,56.166,55.68,55.846,55.734,55.726,55.166,56.278,55.506,190.587
100,55.687,55.388,54.837,55.57,55.503,55.133,55.2,55.567,56.078,55.594
110,55.365,55.156,55.084,56.184,55.389,55.505,54.935,55.176,55.655,54.853
120,55.362,54.686,97.779,98.932,88.743,76.371,93.049,57.375,56.27,57.52
130,55.866,56.43,55.013,55.643,55.417,176.717,55.249,55.579,55.204,55.764
140,55.236,55.01,55.286,55.199,55.352,54.9,55.411,55.047,54.918,55.521
150,55.736,56.389,55.492,55.399,54.941,55.433,55.078,55.693,56.896,55.571
160,54.991,55.487,55.628,55.657,55.411,55.325,176.281,56.246,55.545,55.778
170,56.219,56.068,55.56,55.308,56.188,56.245,55.211,56.03,56.228,55.997
180,60.348,56.027,178.114,57.512,56.196,56.479,55.955,55.813,56.639,55.792
190,56.361,55.925,55.713,57.214,56.544,57.05,56.075,56.154,57.466,56.318
200,176.946,54.973,55.545,54.78,55.488,54.843,54.806,54.73,55.052,55.281
210,57.669,55.356,54.904,54.757,55.421,55.007,54.956,175.767,176.467,56.099
220,55.066,55.256,54.907,55.904,55.312,54.704,54.806,55.567,55.445,54.685
230,54.734,54.912,54.769,54.907,54.976,,,,,
,,,,,,,,,,
7 - GT3 RS,,,,,,,,,,
,,,,,,,,,,
Laps,1,2,3,4,5,6,7,8,9,10
,-,55.977,55.879,55.193,55.221,54.994,55.34,55.215,55.503,55.317
10,55.652,55.432,55.519,55.357,55.257,55.473,55.386,55.486,55.645,55.338
20,56.011,55.467,55.472,55.276,55.095,55.331,55.445,55.416,55.512,55.192
30,55.41,55.361,55.581,55.284,55.358,55.439,55.498,55.79,55.268,55.409
40,175.651,56.318,56.194,56.457,56.227,56.072,55.628,56.079,55.898,56.031
50,55.513,55.517,56.025,55.52,55.582,55.446,55.399,55.038,56.139,55.196
60,55.903,56.162,55.555,55.533,55.368,55.494,55.452,55.639,55.536,56.022
70,56.565,56.971,57.148,55.374,55.452,55.743,56.317,55.467,55.364,55.052
80,175.442,56.195,55.563,55.621,55.427,55.76,55.604,55.855,55.554,55.251
90,55.378,55.405,54.979,55.607,55.472,55.257,55.897,55.594,56.364,54.99
100,55.351,55.694,55.488,55.264,55.104,55.694,55.609,55.365,55.157,55.278
110,56.485,55.289,55.507,175.198,56.852,56.968,56.287,55.877,55.89,56.034
120,55.894,56.306,55.587,56.061,106.217,95.238,89.804,78.851,101.081,58.505
130,56.637,57.199,56.142,56.267,56.743,56.054,55.713,55.456,55.494,55.72
140,55.662,55.564,56.802,55.858,56.851,56.931,55.927,56.059,176.792,55.553
150,55.212,56.408,56.323,55.899,57.898,56.039,55.793,55.229,55.436,55.058
160,55.087,55.416,55.509,55.567,54.949,55.229,55.809,55.289,55.891,55.326
170,55.912,54.853,55.25,54.916,55.638,55.213,55.193,178.302,55.372,56.937
180,55.883,55.474,61.325,55.54,55.299,55.227,55.377,56.394,56.219,55.681
190,55.055,55.287,55.002,55.058,56.673,55.209,55.193,55.144,55.084,54.91
200,55.503,55.152,56.106,55.247,54.735,180.42,55.355,55.29,175.446,180.466
210,57.669,176.319,55.321,56.374,58.078,55.277,54.962,54.635,55.523,54.703
220,55.747,56.123,175.611,54.976,56.11,59.565,58.439,56.303,57.756,56.453
230,57.267,55.543,55.772,55.293,,,,,,
,,,,,,,,,,
30 - PLOVDIV KART & FRIENDS,,,,,,,,,,
,,,,,,,,,,
Laps,1,2,3,4,5,6,7,8,9,10
,-,57.431,56.333,55.863,56.152,56.012,56.434,55.683,55.919,55.693
10,56.558,55.788,55.971,56.046,56.059,56.592,56.311,56.265,176.49,56.102
20,55.335,55.585,56.026,55.886,55.391,55.983,55.486,55.949,55.224,55.55
30,55.563,55.658,55.854,55.444,55.477,55.544,56.864,55.189,55.984,55.424
40,55.366,55.376,55.424,56.131,55.209,55.404,55.184,56.078,56.188,55.341
50,57.059,57.918,57.583,58.189,59.149,56.227,55.723,55.428,55.686,56.136
60,177.1,56.72,56.135,56.185,56.044,55.938,56.28,56.573,56.427,56.041
70,56.234,56.551,56.31,56.442,56.483,56.187,56.486,55.991,57.352,56.298
80,56.138,56.359,56.246,176.172,56.075,55.461,55.383,55.476,55.243,55.197
90,55.032,55.073,55.737,55.233,55.206,55.827,55.765,56.075,55.15,54.993
100,56.264,55.754,54.946,55.199,55.279,56.397,55.963,56.68,55.42,55.21
110,55.714,175.583,57.975,56.428,56.31,55.983,56.149,56.12,56.608,56.172
120,55.615,105.459,95.15,89.857,78.782,101.075,57.548,55.695,55.752,55.584
130,55.685,55.971,56.038,55.929,55.864,55.845,56.374,56.032,56.3,55.547
140,58.055,55.96,56.047,55.52,55.778,56.132,57.109,176.763,176.212,55.484
150,55.523,55.591,55.632,55.403,55.834,55.71,56.252,55.677,55.397,56.091
160,55.828,55.643,55.732,55.519,55.927,55.631,55.696,55.697,55.461,55.714
170,56.136,55.47,55.485,55.856,55.9,55.791,56.244,56.144,55.994,57.283
180,55.406,55.877,55.607,55.466,56.346,55.92,55.741,56.112,55.545,55.498
190,56.041,175.982,56.237,56.142,55.772,55.924,55.765,55.654,55.817,56.323
200,55.74,56.024,56.478,55.885,56.512,56.781,55.756,55.719,55.784,55.895
210,56.733,176.087,176.164,175.327,55.535,55.106,55.116,56.549,55.435,55.467
220,55.634,55.123,55.05,55.052,54.894,55.551,55.239,55.308,55.191,55.301
230,55.147,56.124,55.055,55.25,,,,,,
,,,,,,,,,,
34 - BS RACING TEAM,,,,,,,,,,
,,,,,,,,,,
Laps,1,2,3,4,5,6,7,8,9,10
,-,55.336,55.501,55.179,55.443,55.316,55.604,55.661,55.538,55.985
10,55.346,55.502,55.61,55.475,55.72,55.539,55.531,55.518,55.362,55.887
20,180.084,56.535,55.904,56.238,55.428,55.421,54.982,55.826,55.478,55.962
30,56.932,55.468,55.044,55.429,54.82,55.517,55.442,55.024,55.286,55.222
40,177.21,56.253,55.241,55.475,55.135,56.034,55.933,55.204,56.756,55.518
50,56.22,55.919,55.165,55.545,55.287,55.496,55.577,55.415,55.436,55.749
60,55.535,55.194,55.605,55.466,55.655,55.747,55.773,55.701,177.539,56.456
70,55.563,55.144,55.174,55.559,54.978,56.163,58.285,56.332,56.31,54.941
80,55.547,57.639,55.108,55.68,54.837,55.091,54.717,55.33,54.792,54.811
90,54.955,54.704,54.641,55.475,176.203,56.408,55.61,55.792,56.265,56.357
100,55.833,56.593,58.033,56.022,55.614,56.309,56.188,55.974,56.03,55.962
110,55.812,55.722,55.868,55.98,55.916,56.114,56.105,56.145,55.822,56.244
120,56.17,56.939,98.403,98.281,84.891,79.698,93.671,60.353,57.779,56.826
130,56.227,56.034,55.909,56.161,55.606,56.303,55.623,181.918,57.102,56.677
140,55.826,56.906,55.834,55.554,55.819,56.523,55.544,55.693,55.875,56.828
150,55.704,55.619,55.711,56.337,55.612,56.088,55.679,177.829,56.488,55.328
160,55.39,56.085,56.175,56.18,55.14,176.73,56.153,55.589,55.369,56.207
170,55.212,57.514,55.022,54.479,55.313,55.314,56.255,55.549,55.013,55.609
180,55.648,55.312,55.078,55.073,176.936,54.922,54.959,55.217,55.647,56.198
190,55.332,55.059,55.072,55.376,54.988,55.397,178.119,55.656,55.588,55.037
200,55.851,55.041,55.051,55.481,55.067,55.712,55.075,55.259,55.311,55.512
210,55.81,55.543,55.522,57.56,58.131,55.673,55.181,177.362,54.962,55.652
220,56.072,54.926,55.087,54.947,55.007,54.934,55.041,55.046,55.35,55.049
230,55.458,55.092,55.363,55.118,55.269,,,,,
,,,,,,,,,,
32 - MONTANA 2,,,,,,,,,,
,,,,,,,,,,
Laps,1,2,3,4,5,6,7,8,9,10
,-,57.836,56.356,56.094,56.752,57.19,55.952,55.657,56.251,55.733
10,56.273,56.263,55.634,56.5,56.267,56.185,56.367,55.924,56.119,55.773
20,56.28,56.113,56.611,56.084,55.881,56.258,55.747,55.686,55.798,55.728
30,177.886,56.221,55.06,55.3,55.452,54.86,55.299,55.14,55.599,55.118
40,55.167,55.163,55.142,55.148,55.177,55.387,55.32,55.394,55.347,55.108
50,57.845,56.411,55.567,55.568,55.454,55.237,55.401,55.124,55.262,55.018
60,55.463,55.467,56.428,55.452,55.288,55.355,55.579,56.064,55.524,55.376
70,175.423,57.917,57.88,56.436,56.491,56.214,56.982,56.027,56.214,58.538
80,57.151,56.729,56.479,56.027,57.715,56.529,55.936,55.966,56.885,56.171
90,57.791,55.796,57.107,57.402,58.659,56.082,56.23,56.461,56.264,56.11
100,55.959,56.174,56.335,55.838,56.371,56.573,56.4,177.038,55.901,56.209
110,55.532,55.745,54.961,55.271,57.324,55.039,54.685,54.85,55.066,54.737
120,55.024,54.979,55.347,55.281,87.335,100.231,90.895,72.783,90.01,56.885
130,57.088,57.035,58.009,55.724,55.469,55.499,55.209,55.272,55.958,55.322
140,54.992,55.159,55.053,55.516,177.443,56.568,56.23,56.282,56.735,56.418
150,56.575,55.977,55.723,56.488,55.993,56.133,56.432,56.525,56.348,56.164
160,56.167,56.234,56.078,55.959,176.278,55.17,54.922,55.01,55.272,55.003
170,55.371,55.324,55.086,54.986,55.017,54.801,54.951,55.268,56.533,55.089
180,55.058,55.267,54.996,55.193,55.137,54.928,54.785,55.077,55.009,56.609
190,55.631,55.002,55.204,55.29,54.958,55.297,54.959,55.161,55.008,54.914
200,55.099,179.201,176.788,176.968,175.874,54.993,55.363,54.869,54.672,55.16
210,54.581,56.017,54.592,55.03,55.252,178.444,55.962,55.544,55.764,56.423
220,57.147,56.306,55.952,56.194,56.133,55.746,56.433,56.572,56.026,56.917
230,56.105,56.551,56.671,56.084,,,,,,
,,,,,,,,,,
2 - X3,,,,,,,,,,
,,,,,,,,,,
Laps,1,2,3,4,5,6,7,8,9,10
,-,58.747,58.073,57.133,56.194,55.79,56.086,56.121,55.962,56.092
10,56.29,55.714,56.084,56.034,56.25,56.353,178.914,56.355,55.533,56.396
20,56.249,55.352,55.673,55.51,55.482,55.91,55.417,55.923,55.764,55.916
30,55.593,55.439,56.007,56.445,55.336,56.713,56.016,54.994,55.738,55.45
40,55.289,55.234,56.007,55.322,55.597,55.341,55.312,55.361,55.206,55.391
50,55.328,55.158,55.297,56.555,58.707,55.872,177.254,57.945,56.808,56.241
60,56.458,56.35,57.315,56.507,56.605,55.998,58.85,56.298,56.8,56.948
70,55.943,56.925,56.863,56.431,60.576,57.371,56.685,56.239,177.865,56.906
80,55.612,56.23,55.817,55.584,55.5,55.395,55.585,56.081,55.716,56.054
90,55.497,55.74,55.597,55.879,56.027,56.553,56.321,55.661,55.777,55.857
100,55.684,55.376,55.457,55.758,55.853,58.182,175.644,56.791,57.108,55.509
110,55.939,55.992,56.234,55.783,56.017,56.375,56.256,55.571,55.934,56.128
120,55.76,99.729,98.478,83.273,79.705,94.971,58.036,57.862,57.911,56.274
130,55.681,56.019,55.892,55.393,55.41,55.572,55.671,55.819,55.463,55.713
140,55.42,55.656,56.183,179.109,56.672,56.532,56.703,56.372,56.315,56.655
150,56.704,55.575,55.855,55.964,56.825,56.223,56.402,56.145,55.879,55.646
160,56.032,55.669,55.769,55.649,55.91,56.122,55.763,55.811,55.863,55.317
170,175.817,55.301,55.448,55.006,55.541,55.171,56.045,55.804,55.334,55.312
180,55.369,56.67,176.317,56.797,57.247,56.32,56.065,56.093,56.222,56.689
190,56.469,56.461,176.035,55.638,55.3,55.05,55.455,55.275,55.246,55.31
200,55.451,56.052,55.466,176.901,55.151,54.788,54.85,55.243,55.297,54.875
210,55.302,55.284,56.577,58.099,56.907,174.471,55.852,55.574,59.072,55.733
220,56.076,55.448,55.105,56.142,55.381,55.921,55.522,55.577,56.163,55.751
230,56.778,55.029,55.903,,,,,,,
,,,,,,,,,,
20 - FANNY FLUTTERS RACING TEAM,,,,,,,,,,
,,,,,,,,,,
Laps,1,2,3,4,5,6,7,8,9,10
,-,58.718,57.98,56.785,56.569,56.371,56.425,55.796,55.481,55.24
10,55.988,55.354,55.479,55.555,55.576,56.486,56.518,56.133,177.048,57.228
20,56.24,55.753,56.427,55.807,56.099,55.897,56.846,55.581,56.873,55.455
30,56.512,56.072,56.128,56.669,56.027,56.242,177.138,58,56.771,56.819
40,56.616,56.415,57.355,56.353,57.029,57.407,56.822,56.669,56.742,56.872
50,56.703,56.721,57.189,56.012,57.394,56.273,56.592,177.87,56.506,55.933
60,55.809,55.712,56.052,55.601,56.122,55.698,55.265,56.428,55.721,55.41
70,55.701,55.745,55.403,55.772,57.142,57.38,55.704,177.333,56.738,57.074
80,55.808,56,55.499,55.797,55.276,55.529,55.698,55.604,55.919,55.75
90,55.902,55.649,55.695,55.352,55.906,55.429,55.481,55.302,55.289,55.695
100,56.058,56.437,176.598,56.442,56.317,55.909,55.702,55.902,55.078,55.567
110,56.074,55.54,56.198,55.806,55.604,56.089,55.692,56.268,55.216,94.024
120,98.887,90.801,74.722,92.449,57.762,57.998,58.185,59.158,58.661,58.758
130,59.265,56.419,56.937,177.235,55.75,55.57,55.636,55.745,56.399,55.325
140,55.963,55.779,56.543,55.834,55.211,55.96,56.874,55.856,55.949,55.917
150,55.574,55.349,55.368,55.608,54.964,55.416,55.054,55.157,55.696,56.249
160,54.901,55.611,179.856,56.303,55.986,55.958,55.435,56.001,55.882,55.741
170,56.249,55.74,56.784,55.21,55.962,56.281,55.919,55.531,182.896,56.832
180,56.364,56.978,55.92,55.684,55.411,55.933,55.461,56.196,56.577,56.311
190,56.183,57.345,176.317,55.662,55.271,55.666,55.011,55.363,55.654,56.881
200,55.063,55.896,54.933,55.471,54.924,55.732,55.295,55.038,55.29,55.698
210,55.768,54.957,55.53,55.387,55.09,55.153,55.177,55.62,176.158,55.441
220,55.251,55.285,56.233,56.718,55.584,55.417,54.943,54.794,55.551,55.13
230,55.254,55.569,55.628,,,,,,,
,,,,,,,,,,
35 - APES RACING,,,,,,,,,,
,,,,,,,,,,
Laps,1,2,3,4,5,6,7,8,9,10
,-,56.534,56.854,56.263,55.774,56.09,55.59,56.959,56.27,55.613
10,56.557,55.781,55.99,56.114,55.989,56.677,56.19,55.687,56.013,56.135
20,55.604,55.878,55.793,55.854,56.109,56.589,55.677,55.769,55.911,55.348
30,56.811,57.693,55.599,56.19,55.48,55.995,56.666,57.737,57.498,55.403
40,55.776,55.292,176.67,57.682,56.643,56.291,57.216,56.427,56.282,56.455
50,55.952,56.079,56.036,56.262,55.53,55.694,55.66,55.722,55.827,55.99
60,56.576,56.533,55.694,56.184,176.398,56.401,56.157,55.695,56.635,56.647
70,56.054,55.647,55.453,55.847,55.771,55.409,55.564,55.706,56.121,55.49
80,55.731,55.907,56.243,55.459,55.483,55.54,55.652,55.769,55.305,55.285
90,56.273,55.355,55.554,55.419,55.762,55.366,55.731,55.592,55.69,55.377
100,177.331,56.495,55.763,55.704,55.374,56.419,55.748,56.32,55.472,55.106
110,55.529,55.541,56.953,57.586,176.543,57.233,56.368,55.879,56.155,55.841
120,56.362,105.495,94.237,88.95,78.372,101.082,57.913,56.288,56.479,55.991
130,55.833,57.015,56.823,56.694,56.042,56.535,56.094,56.241,56.373,56.268
140,56.768,56.419,183.718,55.951,55.74,55.723,55.907,55.88,55.298,56.013
150,55.579,55.46,55.269,55.449,55.145,55.534,55.443,55.603,55.199,56.096
160,56.509,55.482,55.347,55.626,55.297,55.479,55.631,55.607,55.166,56.201
170,55.247,55.446,55.377,55.153,55.878,55.445,174.806,55.945,55.757,55.579
180,55.255,55.819,55.731,55.435,55.267,56.124,55.732,56.169,55.818,55.26
190,55.989,55.766,55.32,55.631,55.179,55.557,177.695,56.529,55.518,56.081
200,55.893,55.513,56.061,57.078,55.594,55.845,55.985,56.173,176.907,180.417
210,56.055,56.605,57.58,56.647,56.881,55.928,56.03,55.438,56.398,55.737
220,56.435,177.592,55.833,56.596,55.879,55.967,55.19,56.532,56.675,56.642
230,55.707,56.848,55.918,,,,,,,
,,,,,,,,,,
24 - INSPEEDWETRUST,,,,,,,,,,
,,,,,,,,,,
Laps,1,2,3,4,5,6,7,8,9,10
,-,57.58,58.437,57.843,56.56,58.642,56.028,57.416,56.002,57.047
10,56.532,56.396,56.097,56.418,56.591,56.074,56.233,56.474,56.472,56.124
20,56.818,57.011,56.314,56.115,56.186,56.39,56.767,55.784,56.962,55.864
30,56.699,55.872,55.915,56.487,56.117,55.909,56.039,177.615,57.495,57.056
40,56.996,57.613,57.421,57.078,57.326,56.847,58.684,56.587,56.262,56.13
50,56.058,57.023,56.111,56.452,56.781,56.898,55.948,56.334,56.08,56.178
60,56.816,57.142,56.502,56.142,56.717,56.579,56.691,56.661,56.689,56.472
70,56.865,56.937,57.179,56.475,57.275,56.666,57.292,179.804,57.482,57.258
80,55.558,55.761,56.229,56.358,55.787,55.529,55.372,56.472,56.783,56.927
90,55.096,55.594,55.385,55.828,55.271,55.731,55.999,55.624,55.694,56.215
100,55.622,55.676,55.637,55.51,56.586,55.389,56.315,56.176,56.506,177.56
110,57.368,56.749,56.714,57.977,56.975,66.018,56.594,56.399,56.518,56.636
120,56.371,56.292,99.871,94.618,89.469,78.037,100.377,58.938,59.213,57.586
130,56.02,55.64,57.818,56.992,56.783,56.688,56.11,55.806,55.563,56.464
140,55.93,56.234,55.963,56.236,179.456,56.612,56.297,56.761,56.399,57.591
150,56.479,55.648,56.028,56.795,56.524,56.012,55.712,55.548,55.586,55.882
160,55.924,56.142,55.877,56.026,55.498,55.861,55.436,55.781,56.112,56.275
170,55.767,55.721,176.798,56.398,56.11,56.297,55.936,55.763,55.927,55.411
180,55.522,56.025,56.014,56.402,56.068,55.358,55.68,56.063,55.593,55.497
190,56.2,55.741,57.163,56.558,56.26,55.713,55.685,55.571,55.478,58.681
200,55.698,177.68,178.523,176.752,177.761,55.786,55.838,55.529,55.43,56.399
210,55.316,55.737,56.056,175.547,55.878,55.482,55.25,55.447,55.759,54.81
220,55.739,56.057,55.96,56.214,55.459,55.626,55.682,55.377,55.114,55.259
230,55.64,55.595,,,,,,,,
,,,,,,,,,,
16 - ENT RACING,,,,,,,,,,
,,,,,,,,,,
Laps,1,2,3,4,5,6,7,8,9,10
,-,56.875,56.676,56.048,55.653,56.125,55.456,55.91,55.151,55.112
10,55.253,54.965,55.215,56.025,55.062,55.921,55.176,55.62,55.213,55.23
20,55.416,56.187,56.065,55.394,55.289,55.271,55.383,55.435,55.234,55.489
30,55.431,55.32,55.21,178.365,56.466,55.755,55.777,56.359,55.869,55.992
40,55.819,55.661,56.149,56.005,55.899,56.252,56.111,56.121,55.662,55.582
50,56.025,56.235,56.174,55.88,56.374,56.105,55.84,55.542,56.1,55.933
60,55.712,56.326,55.823,55.852,56.779,57.311,56.775,55.568,55.952,56.153
70,55.834,176.478,55.982,56.887,56.824,55.934,55.928,56.901,55.699,56.133
80,55.853,55.801,56.097,55.951,56.204,56.001,55.721,55.7,55.716,55.43
90,55.683,55.541,56.34,55.998,56.577,56.401,55.762,55.573,55.769,55.843
100,55.761,55.734,55.564,55.89,57.502,56.481,55.792,176.906,56.295,55.379
110,57.475,56.523,55.378,55.67,55.407,55.673,55.568,56.134,55.531,55.476
120,55.499,55.693,55.765,55.296,93.243,98.866,91.618,74.544,91.996,57.077
130,57.264,56.939,60.386,56.739,55.484,55.253,55.437,56.822,55.746,55.436
140,55.279,55.426,56.494,56.302,182.41,55.857,56.39,55.885,56.068,56.486
150,55.389,55.458,55.462,56.131,55.438,55.836,56.207,55.775,55.626,55.565
160,55.937,55.644,57.487,55.527,55.747,55.429,55.403,55.54,55.438,55.555
170,55.546,55.593,55.412,55.392,55.351,56.254,55.339,55.627,55.905,55.361
180,55.64,55.723,55.536,55.464,177.887,55.855,55.874,56.42,56.806,56.374
190,56.033,56.497,178.39,55.857,55.783,55.584,55.661,56.438,177.696,55.574
200,55.785,175.417,55.449,55.126,55.677,177.317,55.227,55.121,175.811,55.33
210,55.091,176.547,55.405,55.525,55.575,55.751,55.633,55.863,55.8,55.517
220,57.005,56.071,55.959,56.371,56.223,55.946,56.026,57.458,56.892,56.235
230,56.377,56.461,,,,,,,,
,,,,,,,,,,
10 - ORA,,,,,,,,,,
,,,,,,,,,,
Laps,1,2,3,4,5,6,7,8,9,10
,-,59.135,57.961,57.115,56.294,56.189,55.582,56.913,55.54,55.883
10,55.39,56.259,56.282,56.095,55.549,55.397,56.978,55.719,55.723,55.544
20,55.866,55.186,55.656,55.557,56.002,56.814,55.806,55.287,55.311,55.26
30,56.063,56.225,55.707,55.625,56.475,56.264,57.547,57.5,56.812,55.28
40,177.353,56.03,55.775,55.658,56.327,55.644,56.336,55.855,56.211,56.362
50,56.309,55.77,56.7,56.173,56.16,56.295,55.956,57.081,55.774,56.814
60,56.129,65.479,55.582,56.22,56.031,56.284,55.619,56.044,56.109,55.812
70,57.045,57.296,56.324,56.757,55.431,56.388,56.104,55.822,55.717,55.661
80,56.019,55.756,177.062,57.244,55.773,55.569,55.84,55.655,55.607,58.585
90,55.951,55.313,55.704,57.487,55.528,55.458,56.85,56.716,56.495,56.433
100,56.426,56.441,56.292,56.165,55.579,55.671,55.581,55.727,55.516,55.672
110,55.427,55.078,55.687,55.87,55.631,55.53,55.874,176.643,57.425,56.043
120,55.965,55.843,55.187,99.348,94.748,89.584,77.831,99.894,58.777,58.175
130,57.102,55.494,56.788,57.39,55.808,55.529,55.48,55.602,55.311,55.419
140,56.091,55.564,55.801,56.148,55.72,179.967,56.553,56.775,56.403,55.89
150,55.149,55.293,55.74,55.969,55.351,55.665,55.351,57.299,55.953,55.251
160,54.986,55.447,56.467,55.091,55.664,56.115,55.218,55.485,55.676,55.512
170,55.292,55.686,54.892,55.267,55.352,55.579,55.23,55.298,55.216,55.14
180,55.649,56.467,55.518,54.89,55.355,55.267,56.05,184.026,56.188,56.524
190,56.075,55.442,55.191,55.793,55.392,55.381,55.002,55.036,54.821,57.103
200,55.655,55.332,55.321,55.283,55.476,176.145,177.691,56.327,178.947,176.875
210,175.641,55.326,55.011,54.992,55.297,56.425,55.58,55.429,176.027,55.479
220,55.13,56.541,56.393,55.745,55.797,55.496,56.187,55.804,55.51,56.217
230,56.016,,,,,,,,,
,,,,,,,,,,
28 - RNT,,,,,,,,,,
,,,,,,,,,,
Laps,1,2,3,4,5,6,7,8,9,10
,-,58.879,57.757,58.356,58.119,56.964,57.147,56.531,56.655,56.6
10,56.52,57.719,56.671,56.041,56.546,57.631,57.187,56.292,56.39,56.32
20,55.603,57.398,56.604,56.086,56.119,58.17,56.019,55.979,56.103,57.14
30,55.889,57.039,178.726,56.336,56.157,56.156,56.139,56.243,56.113,55.88
40,55.932,55.751,56.863,56.976,55.771,56.231,57.345,56.659,55.748,55.904
50,56.179,55.862,55.885,55.859,55.838,56.809,55.775,55.739,55.751,56.156
60,55.68,56.112,55.818,56.057,56.52,178.974,58.06,56.192,56.998,56.016
70,57.021,56.46,57.257,57.43,56.765,56.358,57.005,56.757,56.383,56.057
80,55.891,56.691,56.359,57.761,56.488,55.99,56.881,178.937,56.029,56.009
90,56.113,55.677,56.001,56.209,57.586,56.544,56.361,56.147,56.336,55.95
100,55.621,56.716,56.479,55.653,56.249,57.24,56.009,56.757,55.962,181.03
110,56.705,57.439,56.358,56.159,56.382,56.286,55.86,57.501,57.235,56.467
120,98.355,95.124,90.176,79.366,96.789,58.763,58.85,60.732,61.094,59.46
130,56.842,56.85,56.328,55.803,56.006,58.246,56.295,57.268,57.502,177.576
140,56.22,57.567,56.584,56.86,56.462,56.161,56.59,57.32,56.564,56.819
150,56.212,56.886,56.631,56.332,57.379,56.872,57.314,57.654,56.844,56.41
160,56.835,56.571,180.516,57.064,57.074,56.627,56.577,56.728,56.632,56.594
170,56.886,57.155,57.057,58.33,58.111,178.486,56.909,56.278,55.662,55.627
180,55.869,55.818,55.882,56.101,55.751,55.717,56.857,55.773,56.213,56.345
190,56.18,56.394,179.521,55.883,56.109,56.479,55.995,56.33,55.791,56.348
200,175.815,56.025,55.578,55.405,56.906,56.636,56.413,56.919,55.866,55.408
210,55.627,55.619,56.084,179.756,57.021,56.232,56.303,56.553,56.191,56.166
220,56.188,57.313,57.007,57.131,56.776,56.837,57.364,56.374,56.547,57.241
230,56.481,,,,,,,,,
,,,,,,,,,,
23 - BOLT,,,,,,,,,,
,,,,,,,,,,
Laps,1,2,3,4,5,6,7,8,9,10
,-,58.07,57.041,56.815,55.648,56.114,55.685,55.41,56.28,55.832
10,55.236,55.351,55.358,56.048,56,55.977,55.923,55.853,56.251,55.712
20,55.55,55.93,55.549,55.603,55.986,175.732,57.947,56.378,55.72,55.986
30,57.297,57.305,56.668,55.999,57.251,57.579,58.573,58.076,57.674,56.421
40,56.129,56.15,56.206,56.682,56.118,55.75,55.659,56.617,55.806,55.762
50,55.812,56.105,56.292,178.638,55.83,57.923,56.029,54.847,55.487,55.493
60,55.843,55.831,55.384,56.185,56.017,55.415,55.862,55.527,56.829,56.862
70,177.308,57.335,56.239,56.152,56.91,55.859,55.871,56.174,56.393,55.988
80,56.325,177.66,57.221,55.98,56.364,55.52,55.678,55.677,57.131,55.991
90,55.986,175.836,57.433,55.911,56.123,55.954,55.418,55.4,56.218,56.565
100,55.738,56.324,56.251,57.974,57.519,182.226,55.885,55.807,56.931,56.486
110,55.886,56.215,56.066,55.739,55.587,55.392,56.264,82.377,99.975,91.234
120,73.009,88.577,58.095,57.574,57.178,58.694,58.56,178.38,178.774,177.679
130,57.102,56.965,56.61,56.395,56.803,56.249,56.135,57.944,57.287,56.95
140,56.456,57.235,60.188,56.762,56.436,56.801,56.971,56.609,56.672,56.543
150,55.968,56.113,57.596,57.274,176.566,55.856,55.413,55.671,55.332,55.188
160,55.826,55.914,56.102,55.899,55.44,55.651,55.6,55.304,55.444,55.424
170,56.337,55.684,55.509,55.196,55.979,55.826,55.385,55.473,56.862,55.204
180,55.127,56.552,55.739,55.497,55.129,55.142,56.232,55.289,55.38,54.912
190,55.633,55.565,55.636,55.071,55.655,178.493,56.542,57.829,56.782,55.885
200,56.996,59.792,58.416,56.35,57.019,57.317,56.081,56.602,55.681,55.561
210,57.258,56.13,55.65,55.781,57.483,56.388,56.027,55.797,55.432,55.536
220,55.775,55.794,55.996,55.711,56.176,55.513,55.486,56.212,56.031,55.853
230,56.027,,,,,,,,,
,,,,,,,,,,
4 - TURBO BROTHERS,,,,,,,,,,
,,,,,,,,,,
Laps,1,2,3,4,5,6,7,8,9,10
,-,58.264,57.108,58.369,57.603,57.551,57.199,56.733,56.349,57.703
10,56.646,56.992,56.519,57.189,57.228,178.179,56.839,56.244,56.114,57.371
20,56.61,57.448,56.428,55.668,56.451,56.378,55.676,55.554,56.586,56.526
30,55.969,56.716,176.865,58.411,57.311,57.031,57.612,58.169,57.575,59.807
40,58.176,57.165,57.646,57.257,58.287,57.743,58.795,58.009,177.779,57.289
50,56.763,57.335,57.139,56.555,55.926,56.449,56.713,56.269,55.981,56.322
60,56.563,56.886,56.235,56.95,56.684,175.151,56.652,56.295,57.011,55.559
70,54.964,57.131,56.209,55.892,55.739,55.85,55.63,55.601,55.842,55.639
80,56.234,55.925,176.504,57.411,57.912,58.74,57.139,56.984,57.312,56.86
90,57.528,56.216,57.361,56.06,57.017,56.675,56.917,57.434,56.46,57.194
100,56.695,57.391,178.338,57.294,57.278,56.101,56.603,56.686,55.939,56.24
110,55.756,56.719,56.853,56.207,56.3,103.567,95.152,89.814,78.744,101.157
120,58.372,57.279,56.295,55.854,56.238,57.571,56.462,55.952,57.538,56.563
130,56.392,60.493,177.903,58.601,57.949,57.217,59.532,57.287,57.039,57.911
140,57.192,58.899,58.142,56.412,57.384,57.231,58.629,56.517,58.362,58.896
150,56.363,57.242,57.072,57.206,57.727,176.657,56.019,55.946,55.541,55.901
160,55.505,56.393,55.658,55.706,55.984,56.117,55.351,55.718,56.001,56.578
170,55.393,57.142,56.145,56.116,55.521,56.537,56.24,56.072,55.922,56.036
180,55.865,55.756,58.909,56.585,55.744,55.734,55.656,55.302,55.282,55.255
190,55.979,176.154,56.927,56.455,57.489,56.419,56.967,56.812,56.68,56.784
200,59.542,56.721,56.809,59.618,58.711,56.249,56.592,57.212,56.764,56.8
210,56.448,56.16,56.241,57.005,56.875,175.366,57.633,56.113,56.346,56.296
220,56.464,55.439,56.28,56.744,56.773,56.798,56.508,56.22,56.062,56.586
,,,,,,,,,,
12 - DSG RACING,,,,,,,,,,
,,,,,,,,,,
Laps,1,2,3,4,5,6,7,8,9,10
,-,58.212,58.099,59.205,57.711,58.437,57.588,56.582,56.81,56.914
10,56.505,57.404,57.004,56.842,176.007,56.906,56.409,56.21,57.178,56.358
20,56.943,57.821,56.528,56.714,56.245,56.135,56.724,56.26,57.232,57.809
30,59.941,57.502,56.267,177.021,56.879,56.327,55.818,56.535,56.04,56.826
40,56.196,55.777,55.552,55.725,57.228,55.834,56.562,56.706,57.233,57.038
50,58.975,58.009,56.527,56.486,56.855,55.798,56.026,56.475,56.362,56.697
60,56.266,57.15,55.948,55.612,55.537,55.832,57.119,55.905,56.895,56.205
70,177.594,55.982,55.94,55.002,55.992,56.237,55.59,55.455,56.249,55.963
80,56.196,55.183,55.605,55.631,55.069,55.654,55.973,55.426,56.128,55.202
90,55.259,55.764,55.369,55.54,55.1,55.136,55.819,55.151,55.895,55.282
100,55.099,55.878,55.303,55.295,55.893,55.324,55.539,58.245,55.808,177.53
110,56.911,56.472,56.346,56.844,55.564,55.798,56.095,55.941,56.276,55.717
120,55.541,87.15,100.335,90.874,72.862,88.637,57.861,57.228,58.68,58.168
130,58.688,58.563,55.942,56.057,57.056,55.884,56.602,56.104,55.999,56.271
140,55.829,55.938,56.023,55.969,177.765,55.851,55.496,56.44,55.807,56.627
150,56.046,56.976,57.681,56.463,56.738,56.416,55.979,55.777,55.778,56.696
160,57.098,55.566,55.663,56.896,56.506,56.429,55.8,178.644,59.27,56.431
170,56.542,56.555,57.099,56.227,56.45,56.055,57.587,57.566,59.491,56.037
180,57.089,174.874,55.515,56.281,55.941,56.535,55.433,55.618,55.433,55.308
190,56.332,55.238,55.468,176.244,56.05,57.3,56.314,56.44,176.737,56.584
200,56.74,55.563,55.982,56.701,56.805,56.03,56.384,56.243,55.926,55.737
210,55.823,59.707,176.248,57.383,57.28,56.183,55.927,56.048,55.527,55.992
220,55.838,55.696,55.407,55.89,56.411,56.237,56.871,56.513,56.601,56.182
230,58.739,55.85,,,,,,,,
,,,,,,,,,,
25 - SECOND TIME RACING,,,,,,,,,,
,,,,,,,,,,
Laps,1,2,3,4,5,6,7,8,9,10
,-,58.839,58.468,57.783,57.988,57.105,57.18,57.622,56.318,57.553
10,56.574,56.436,56.24,56.801,56.614,56.218,58.437,56.91,56.617,55.999
20,56.829,178.484,57.095,58.159,57.044,56.79,56.112,56.782,57.276,58.223
30,56.586,56.54,56.192,56.373,55.87,56.212,57.222,57.616,56.644,57.421
40,55.728,56.677,56.722,177.627,57.452,55.529,55.729,57.789,55.716,56.981
50,55.705,57.167,57.419,57.942,57.706,55.924,57.213,57.311,57.537,56.622
60,57.298,56.83,180.175,56.9,57.555,56.217,55.99,56.009,56.401,56.578
70,57.372,57.353,56.625,56.705,55.703,57.1,180.018,61.197,57.564,56.871
80,56.136,57.921,57.339,56.003,55.997,55.936,56.313,56.632,56.438,177.581
90,56.975,55.765,56.36,57.1,58.675,56.36,58.215,56.823,55.878,56.099
100,56.006,57.623,55.912,55.916,57.509,55.933,55.557,55.673,56.186,57.555
110,63.526,55.712,55.688,55.456,55.936,56.24,55.958,107.441,95.523,89.073
120,78.721,98.659,58.905,58.417,60.367,57.488,58.064,57.514,58.522,179.852
130,56.144,55.82,56.189,56.563,56.485,56.252,55.942,55.858,55.959,55.89
140,56.958,56.007,56.603,57.284,55.565,57.433,57.195,55.852,56.417,56.128
150,57.328,57.081,55.676,55.922,55.962,57.123,57.456,55.975,55.584,56.06
160,200.229,58.196,56.799,57.184,56.337,57.379,57.537,56.803,56.021,57.27
170,55.887,56.266,56.568,56.608,55.641,56.327,56.327,56.49,58.54,56.366
180,55.787,56.676,55.925,179.935,57.034,55.987,56.847,56.429,56.133,56.642
190,57.339,56.802,58.486,56.413,58.187,56.516,56.415,177.77,55.895,55.924
200,56.431,56.174,55.718,55.326,55.273,55.756,55.461,55.403,55.337,55.536
210,56.272,57.126,55.838,55.621,55.666,55.755,179.113,56.545,58.554,56.7
220,56.858,58.368,56.511,56.557,56.538,56.38,56.247,57.12,55.915,56.419
,,,,,,,,,,
11 - SKR JUNIOR 1,,,,,,,,,,
,,,,,,,,,,
Laps,1,2,3,4,5,6,7,8,9,10
,-,58.03,57.633,58.023,57.325,57.989,56.101,55.932,55.812,55.56
10,55.735,56.086,55.808,56.169,55.899,56.193,56.211,55.908,56.123,56.178
20,56.029,177.511,56.513,56.48,56.295,57.073,56.326,57.413,56.841,56.49
30,57.371,56.447,175.728,56.63,55.673,55.873,55.934,56.381,56.377,57.017
40,56.54,57.276,57.682,55.917,60.258,56.389,56.254,56.188,56.058,57.466
50,57.647,56.205,56.468,56.315,56.297,56.727,56.28,56.885,55.947,56.401
60,56.356,56.415,57.115,56.807,56.25,56.302,56.369,57.231,57.711,56.846
70,56.545,56.287,175.57,56.801,56.341,56.354,56.945,56.901,56.355,56.372
80,56.974,56.79,57.196,56.643,55.94,56.34,56.854,57.508,56.29,56.365
90,56.42,56.738,56.117,56.496,56.945,57.059,57.064,56.962,55.926,56.67
100,56.514,56.382,55.945,57.593,57.327,56.351,57.087,56.243,174.944,55.422
110,56.793,56.056,56.206,57.351,56.92,55.855,56.111,56.539,56.23,56.583
120,99.712,93.996,89.485,77.856,100.817,59.877,59.947,58.318,55.992,56.186
130,56.13,178.366,56.824,56.501,56.989,56.305,56.71,56.278,56.793,57.211
140,56.059,56.658,56.736,56.348,56.44,56.051,56.341,56.154,56.149,56.726
150,55.713,56.979,56.5,56.39,56.203,56.346,56.298,57.729,56.437,56.318
160,56.289,56.472,56.951,55.945,55.671,56.11,56.201,56.996,55.917,56.422
170,56.137,56.347,187.968,56.513,56.566,57.955,56.469,56.843,56.772,56.164
180,56.671,56.3,57.745,56.504,57.97,55.973,56.065,56.538,56.499,56.692
190,57.235,57.212,175.594,176.291,175.285,175.677,175.112,55.884,56.02,56.095
200,57.035,56.791,56.459,56.909,56.668,56.378,57.809,56.679,57.542,57.281
210,56.14,56.514,56.489,57.561,56.925,56.407,56.157,57.539,56.472,57.756
220,56.692,57.252,56.844,56.792,56.732,56.485,56.849,57.513,56.34,
,,,,,,,,,,
6 - G FORCE,,,,,,,,,,
,,,,,,,,,,
Laps,1,2,3,4,5,6,7,8,9,10
,-,59.192,57.838,57.642,58.8,58.578,57.932,58.576,57.403,56.301
10,57.645,56.955,56.947,57.461,58.23,57.9,59.186,56.172,57.685,57.92
20,56.167,56.521,56.148,56.891,56.488,56.424,55.861,56.145,56.879,55.93
30,55.824,56.202,59.138,179.816,56.687,57.226,55.468,55.804,55.436,55.872
40,55.428,56.127,55.537,56.979,56.073,55.472,55.516,56.005,56.952,57.802
50,56.928,55.202,55.858,57.241,55.788,55.801,55.404,55.534,55.064,55.378
60,55.44,55.411,55.2,55.695,56.21,56.201,55.662,55.5,56.054,55.771
70,55.78,177.557,57.127,56.99,57.299,56.564,56.233,57.019,56.816,56.128
80,56.358,56.273,56.302,56.575,57.154,56.8,56.131,56.933,55.892,55.899
90,55.707,56.348,57.348,56.792,56.03,56.872,56.668,56.615,56.141,56.39
100,56.672,56.609,55.686,56.352,56.849,56.333,178.015,57.528,55.963,56.243
110,55.563,55.652,55.633,56.839,55.581,56.48,55.616,55.459,55.972,56.226
120,56.022,56.58,103.566,95.248,89.807,78.54,101.391,58.267,56.952,56.245
130,56.241,56,57.665,56.914,56.792,56.305,56.267,56.703,60.401,179.181
140,58.86,57.13,57.262,56.97,56.639,56.588,58.942,57.559,56.834,56.587
150,60.87,56.715,57.278,57.195,56.545,56.503,57.203,56.143,56.2,56.966
160,56.206,57.272,57.1,56.789,56.345,56.428,56.846,57.578,57.288,56.969
170,57.604,57.32,178.47,179.343,176.699,176.37,181.227,176.708,56.122,57.05
180,57.506,56.701,56.354,56.204,56.54,57.421,56.481,55.567,56.013,176.607
190,56.304,56.438,55.772,56.263,56.634,56.717,58.033,57.558,56.957,59.311
200,58.291,55.954,56.463,59.949,56.062,60.064,57.889,56.042,56.209,55.774
210,55.559,55.423,56.161,55.142,55.609,55.2,55.416,58.258,56.35,55.763
220,56.309,56.014,55.693,56.788,55.782,56.712,55.479,55.132,55.729,
,,,,,,,,,,
8 - HOBBY-KART MONTANA,,,,,,,,,,
,,,,,,,,,,
Laps,1,2,3,4,5,6,7,8,9,10
,-,60.151,57.7,57.71,58.167,57.461,56.348,56.782,56.56,56.516
10,56.402,56.927,56.391,57.57,57.09,57.287,57.385,56.462,56.816,180.175
20,56.489,56.46,55.739,56.161,56.064,56.145,56.404,56.986,55.981,57.377
30,55.872,56.168,56.473,56.548,56.072,56.217,56.19,56.976,56.054,55.863
40,179.831,57.194,55.744,55.29,55.813,55.616,55.407,56.476,56.619,55.578
50,55.444,55.814,55.643,55.324,56.354,55.622,55.84,55.739,56.21,56.322
60,55.693,55.837,55.387,55.423,55.992,180.421,58.272,56.617,57.25,56.362
70,56.679,56.21,57.428,56.556,56.688,56.578,56.47,56.53,56.338,56.717
80,56.588,57.142,58.956,56.858,56.675,56.446,178.917,56.999,55.297,56.086
90,56.417,55.449,55.79,55.524,55.631,55.378,180.959,56.609,55.4,55.863
100,55.797,56.627,55.213,55.572,55.548,55.432,55.389,55.33,55.828,179.536
110,58.029,56.687,56.281,56.315,58.073,56.131,98.064,98.777,87.7,77.253
120,93.055,58.999,58.001,58.462,58.722,56.998,57.175,56.565,57.137,56.645
130,57.264,57.48,57.086,56.889,57.53,56.826,57.498,179.738,56.716,55.915
140,56.03,55.86,56.411,56.082,57.165,56.691,56.166,56.384,55.801,57.156
150,57.254,57.804,56.602,56.171,56.425,55.826,55.802,55.973,55.955,55.892
160,56.629,56.439,55.992,55.854,56.314,55.869,55.962,55.684,55.758,56.344
170,55.543,55.595,55.282,55.54,55.877,55.705,55.496,55.98,55.925,56.671
180,56.36,55.694,55.814,55.778,56.658,183.249,56.362,55.736,55.65,55.637
190,55.92,55.765,55.424,55.249,56.759,58.047,55.768,55.405,55.751,56.656
200,56.266,55.439,56.566,56.297,178.645,178.721,180.542,57.093,57.714,57.132
210,58.98,57.765,56.924,57.354,57.483,56.698,56.193,57.152,57.267,56.481
220,58.332,57.219,57.676,57.697,57.158,57.051,57.739,58.684,57.172,
,,,,,,,,,,
40 - BOSCH ECS RACING TEAM,,,,,,,,,,
,,,,,,,,,,
Laps,1,2,3,4,5,6,7,8,9,10
,-,58.712,57.714,59.175,56.589,58.758,55.848,57.446,56.37,56.353
10,56.535,57.986,56.332,56.986,56.38,55.428,56.047,56.141,55.83,55.999
20,56.196,56.446,55.864,56.32,55.893,55.808,56.889,56.452,56.25,55.398
30,56.407,55.917,55.619,55.84,55.519,58.575,55.696,55.306,56.448,177.641
40,59.004,57.862,56.803,58.238,59.158,58.071,58.357,56.613,56.393,56.345
50,60.848,57.714,57.729,56.576,57.373,57.142,57.5,57.502,57.519,57.423
60,58.112,57.236,57.987,178.114,56.036,57.095,56.255,55.914,56.332,56.415
70,56.118,56.457,57.879,57.298,55.695,56.764,57.253,57.414,56.225,55.62
80,56.421,56.386,55.964,58.197,56.913,56.643,55.624,55.901,55.997,55.781
90,56.481,55.989,56.063,55.843,56.35,56,56.372,56.529,56.361,56.769
100,55.995,55.934,57.175,56.106,57.516,181.387,55.842,56.372,55.811,55.609
110,55.796,55.252,56.003,56.118,55.311,55.064,55.377,55.207,55.702,55.039
120,56.401,56.52,98.565,95.09,90.419,79.21,96.87,61.808,58.256,57.427
130,57.695,56.808,57.175,55.802,56.484,57.225,57.069,55.894,55.872,56.176
140,56.043,56.159,198.672,58.406,58.365,58.068,59.179,58.025,58.185,58.572
150,60.315,59.124,58.13,58.848,58.312,58.229,58.615,58.109,59.613,59.835
160,59.443,58.42,158.708,180.396,177.194,57.149,57.238,176.24,175.808,55.546
170,55.672,55.849,56.859,55.741,55.46,55.936,56.197,56.519,56.979,56.573
180,56.51,55.747,55.766,56.667,56.102,56.369,176.383,56.304,55.715,55.849
190,55.741,56.785,55.515,56.006,55.241,55.408,55.199,54.918,55.505,55.343
200,56.291,57.205,55.167,55.503,55.42,55.051,55.154,55.781,55.229,55.176
210,55.063,55.209,55.344,55.608,175.769,55.383,55.408,56.075,54.937,55.079
220,55.373,55.637,55.286,54.931,56.339,55.58,55.772,55.384,55.664,
,,,,,,,,,,
33 - GDK  RACE  TEAM,,,,,,,,,,
,,,,,,,,,,
Laps,1,2,3,4,5,6,7,8,9,10
,-,59.809,58.992,57.386,57.567,57.912,57.47,58.597,56.62,57.018
10,57.094,57.549,56.966,57.413,58.233,58.439,179.007,56.697,55.677,55.469
20,56.373,56.861,56.74,55.872,56.506,56.269,55.531,55.899,56.007,55.948
30,56.597,56.452,56.198,56.19,56.124,56.414,55.848,55.733,55.704,55.885
40,55.917,55.983,55.909,56.129,177.681,56.681,56.589,57.629,58.413,57.565
50,58.277,59.159,57.259,57.616,56.747,56.851,57.928,57.289,58.165,57.087
60,57.327,56.933,58.59,56.828,57.156,57.956,56.93,57.682,179.797,57.225
70,57.152,57.833,56.425,56.804,57.021,57.236,57.438,57.877,56.288,56.6
80,56.745,56.757,56.646,57.083,56.362,56.347,56.367,56.963,56.502,57.6
90,56.913,56.912,57.231,56.149,57.667,57.057,175.799,56.703,56.71,56.126
100,55.58,56.308,56.354,71.599,56.453,56.185,56.105,55.812,55.519,56.145
110,56.357,55.621,56.178,56.372,55.682,55.711,55.923,55.967,56.161,106.222
120,94.071,88.946,78.419,100.708,60.278,57.731,56.306,56.295,59.112,56.553
130,56.431,55.762,56.826,56.436,177.727,56.344,56.1,56.353,56.414,56.313
140,56.568,56.605,56.581,56.397,57.079,58.444,57.171,180.004,57.524,57.285
150,58.354,57.133,57.385,60.539,57.298,57.336,57.452,58.136,176.632,56.961
160,56.136,56.28,56.395,56.695,56.5,56.655,56.248,56.339,56.828,176.843
170,56.318,56.059,55.947,57.129,56.18,56.439,56.293,178.328,56.631,57.06
180,56.842,56.599,57.292,57.098,56.859,57.095,56.467,57.429,57.581,57.407
190,57.057,175.956,55.857,55.236,55.881,55.429,55.53,55.698,55.864,55.844
200,55.171,55.705,55.683,55.429,55.514,55.591,55.795,181.703,55.818,55.982
210,57.659,55.963,55.972,55.982,56.833,56.187,56.342,56.437,56.545,57.165
220,56.654,56.3,56.348,57.44,56.479,56.198,56.144,56.825,,
,,,,,,,,,,
22 - REVANE,,,,,,,,,,
,,,,,,,,,,
Laps,1,2,3,4,5,6,7,8,9,10
,-,61.549,58.22,57.141,57.5,58.369,58.733,56.764,57.434,56.706
10,56.692,56.629,57.619,57.406,57.534,57.617,58.465,179.952,58.01,56.668
20,57.466,56.726,56.945,57.033,56.484,57.64,57.453,179.398,57.865,56.46
30,56.18,56.286,57.78,55.985,56.819,56.023,56.019,56.15,56.968,56.304
40,179.508,56.206,57.367,55.838,56.548,56.065,56.3,56.522,56.205,56.13
50,56.254,55.897,56.436,56.285,55.94,179.356,57.201,56.61,57.557,57.449
60,57.753,57.478,57.603,56.79,57.708,58.375,56.449,57.996,58.057,57.275
70,57.373,56.975,56.836,59.26,56.961,56.969,57.891,57.308,178.649,56.514
80,56.281,56.657,56.638,57.086,55.764,56.335,56.019,56.88,56.054,56.351
90,56.634,56.897,56.298,56.511,56.388,56.535,56.24,56.478,57.238,176.29
100,57.126,57.528,56.191,56.412,56.13,56.081,57.906,55.67,56.411,56.601
110,56.882,55.845,55.918,56.619,57.798,98.354,98.266,85.596,79.2,93.489
120,59.014,60.094,57.804,59.213,60.576,58.68,59.315,57.333,56.412,57.473
130,182.809,56.946,57.043,57.748,56.585,56.446,56.746,58.009,56.299,56.487
140,56.918,55.942,56.45,56.383,56.126,56.229,56.84,56.172,56.428,56.132
150,56.252,59.209,56.852,177.046,56.487,57.245,56.648,57.033,56.467,56.729
160,56.326,56.298,56.665,56.434,57.952,56.058,56.183,56.8,55.793,56.361
170,57.505,56.386,180.635,57.297,56.284,56.922,56.384,56.146,56.745,57.636
180,56.365,56.837,56.829,56.003,56.435,56.436,56.383,56.457,57.212,176.094
190,56.407,55.767,56.015,56.075,55.805,56.434,56.651,55.448,56.532,56.443
200,56.574,56.231,56.101,55.988,56.379,56.545,180.021,56.366,55.763,56.333
210,56.507,55.889,55.544,56.662,55.786,56.095,57.185,56.201,55.629,55.507
220,56.268,57.554,55.747,56.529,55.558,55.98,56.148,58.101,,
,,,,,,,,,,
21 - RUN FOR FUN,,,,,,,,,,
,,,,,,,,,,
Laps,1,2,3,4,5,6,7,8,9,10
,-,58.644,57.857,58.029,57.954,57.817,57.824,57.997,57.571,57.316
10,57.864,58.557,57.361,57.139,57.813,58.228,58.954,57.021,57.304,57.596
20,56.771,57.115,57.257,58.164,56.582,57.211,56.789,56.979,57.252,57.115
30,57.052,57.566,56.956,56.769,57.231,56.677,56.773,57.777,56.865,178.121
40,58.452,56.663,56.554,57.157,56.753,56.422,56.455,56.187,56.252,55.831
50,57.475,56.502,56.626,57.121,57.07,56.903,56.664,57.223,57.288,62.681
60,57.132,56.556,56.95,57.404,56.913,56.526,58.061,57.391,56.571,56.864
70,56.567,56.534,56.412,57.348,57.319,57.056,57.255,178.112,57.956,57.042
80,56.532,57.019,58.42,56.723,56.006,56.195,56.623,56.186,56.772,56.105
90,57.261,57.822,58.151,55.798,56.495,56.501,56.825,56.237,56.492,57.212
100,57.272,56.646,57.155,56.754,56.554,56.413,56.997,56.125,56.526,56.341
110,177.659,58.989,57.633,56.399,56.827,56.22,55.463,56.575,56.904,57.047
120,55.519,99.279,95.301,89.184,78.602,98.965,58.929,57.885,60.482,56.689
130,57.386,56.609,55.65,56.295,56.087,56.53,55.913,56.018,56.26,57.55
140,56.778,56.297,56.312,192.221,58.701,59.417,57.545,57.174,57.829,57.446
150,56.981,56.543,56.934,57.497,57.317,56.901,57.052,58.803,57.038,56.796
160,58.239,56.81,56.926,56.857,56.664,56.821,56.622,56.249,56.505,56.47
170,56.271,56.417,56.857,56.358,56.688,57.125,179.354,56.695,56.424,56.909
180,55.711,55.745,55.683,56.521,55.75,56.664,56.868,180.195,56.655,56.134
190,177.458,56.977,178.204,57.623,177.685,177.353,57.037,56.289,57.219,56.974
200,56.61,56.266,56.193,56.666,55.954,57.487,56.831,57.231,56.109,56.74
210,56.843,56.395,56.434,56.171,177.003,56.592,57.028,56.764,55.686,55.916
220,55.276,55.307,56.009,55.26,55.897,55.779,55.83,,,
,,,,,,,,,,
14 - KOCHIDA GP,,,,,,,,,,
,,,,,,,,,,
Laps,1,2,3,4,5,6,7,8,9,10
,-,60.633,58.348,56.998,57.738,57.408,56.789,57.292,56.867,56.211
10,56.076,57.056,57.002,56.706,56.391,56.376,177.597,57.336,56.973,69.643
20,56.9,56.485,56.298,56.938,57.085,56.858,56.927,56.554,56.82,57.256
30,56.353,56.636,56.584,57.656,57.474,57.332,57.144,177.631,58.947,58.5
40,58.193,58.243,57.279,57.372,58.536,57.427,57.105,57.51,58.882,56.831
50,57.715,57.463,58.136,57.724,57.879,58.505,58.417,178.972,57.415,56.832
60,56.763,56.563,56.856,57.187,57.251,56.178,56.381,56.801,56.455,57.449
70,56.367,56.531,56.798,55.994,57.164,57.059,56.771,57.061,57.42,197.594
80,58.35,56.606,55.866,56.076,56.713,56.06,57.391,56.494,57.187,56.559
90,55.816,56.247,56.666,56.955,55.817,176.677,57.474,56.931,56.518,56.687
100,56.791,56.324,57.246,56.826,56.214,57.539,57.292,57.468,56.979,56.879
110,56.285,58.164,57.914,57.202,56.578,56.842,105.481,94.287,88.806,78.599
120,101.329,58.885,56.769,59.892,73.472,58.114,58.006,177.81,56.829,56.122
130,55.867,56.733,55.56,55.702,55.568,55.849,55.318,56.188,55.788,55.772
140,55.531,55.286,55.646,55.483,55.885,55.368,55.685,56.156,55.672,55.509
150,55.493,55.425,56.031,55.768,55.618,56.308,56.264,178.723,56.907,58.637
160,57.459,57.578,57.64,56.806,56.981,58.143,58.219,56.58,57.411,58.24
170,57.847,59.016,56.8,181.771,57.939,56.291,57.311,57.549,57.23,57.283
180,56.993,57.62,57.698,57.067,56.904,57.174,57.816,56.35,57.692,57.551
190,57.402,58.691,180.585,56.539,56.655,56.351,56.446,57.293,57.445,57.356
200,57.061,57.003,57.046,56.166,56.507,56.827,56.146,182.473,56.812,56.666
210,56.107,177.005,55.403,55.18,55.734,58.004,56.575,55.437,56.512,55.875
220,55.733,55.855,56.609,59.794,58.533,58.433,,,,
,,,,,,,,,,
9 - SKR JUNIOR 2,,,,,,,,,,
,,,,,,,,,,
Laps,1,2,3,4,5,6,7,8,9,10
,-,59.214,57.636,58.087,57.722,57.03,57.765,57.333,56.079,56.361
10,56.487,57.055,55.838,56.516,56.655,56.019,55.799,56.296,56.155,55.875
20,56.981,56.23,56.149,55.843,56.725,57.048,56.242,56.539,56.851,56.799
30,56.411,58.021,55.873,56.073,56.144,55.888,55.976,56,55.956,176.67
40,58.224,57.654,57.831,57.915,57.202,58.202,57.361,57.557,56.41,58.033
50,58.569,57.247,57.091,57.612,57.433,57.814,57.142,57.485,57.937,57.551
60,56.885,57.901,57.029,57.24,58.105,57.197,57.684,57.721,58.319,58.358
70,57.456,57.006,58.167,57.893,58.827,58.488,58.63,179.224,60.6,58.474
80,58.638,58.071,59.612,58.05,57.228,57.969,57.364,58.913,56.807,57.068
90,57.721,57.644,57.416,57.751,57.373,57.759,57.393,58.191,57.991,58.163
100,58.295,57.376,57.563,57.804,57.371,57.084,57.596,57.424,58.585,57.379
110,58.248,177.874,56.898,56.089,55.907,56.241,56.106,56.316,55.685,56.314
120,56.336,92.072,100.23,91.026,73.168,90.177,58.207,57.909,57.134,58.275
130,60.755,58.522,57.429,56.365,57.376,56.654,56.165,56.357,56.502,56.563
140,56.935,56.128,55.939,56.114,56.397,55.437,55.919,55.856,56.927,178.596
150,58.06,57.855,58.19,59.678,57.374,57.719,57.514,58.401,58.539,57.727
160,58.142,59.091,58.258,57.975,58.328,57.466,58.334,59.163,58.717,58.683
170,57.505,58.615,58.244,57.817,57.209,177.046,57.512,58.083,58.422,57.498
180,57.402,57.419,58.38,58.529,58.397,56.559,57.194,57.526,57.959,58.738
190,57.474,57.328,57.061,57.369,58.395,58.279,57.374,57.11,58.028,57.389
200,178.591,177.824,176.707,176.187,176.904,186.355,57.299,56.873,58.05,57.021
210,56.48,56.984,56.616,56.86,56.966,57.023,56.621,57.076,56.622,57.83
220,57.324,56.938,56.855,56.815,56.73,58.373,,,,
,,,,,,,,,,
41 - HEAT RACING TEAM,,,,,,,,,,
,,,,,,,,,,
Laps,1,2,3,4,5,6,7,8,9,10
,-,59.437,57.969,56.784,58.737,57.945,56.705,57.685,56.278,57.17
10,58,56.968,56.492,56.08,56.388,56.227,56.282,183.728,60.57,58.131
20,59.262,61.558,59.148,57.838,57.123,56.786,59.813,56.666,56.831,58.142
30,59.627,58.348,179.604,57.257,55.529,57.396,57.076,56.02,56.473,57.834
40,57.545,59.147,65.966,56.289,55.788,56.409,56.707,57.237,55.925,56.839
50,56.028,57.11,55.833,177.537,59.096,59.136,56.022,56.425,57.51,58.519
60,56.969,57.383,57.566,58.339,58.262,58.668,179.228,56.108,56.464,56.371
70,56.109,55.687,56.478,56.279,55.786,55.825,55.972,56.007,56.383,57.186
80,55.624,56.206,55.697,177.319,60.554,60.544,58.703,62.134,62.096,57.295
90,56.811,58.411,57.089,59.974,56.944,57.516,57.898,57.83,56.6,56.901
100,58.011,56.845,57.181,180.135,57.549,55.692,56.364,56.697,56.117,56.323
110,55.754,56.421,57.16,55.711,98.395,98.396,86.943,78.178,93.209,59.176
120,59.313,58.06,59.243,61.964,58.847,58.087,58.246,181.637,59.113,58.308
130,60.795,60.858,59.259,57.107,59.598,59.137,56.873,59.966,59.136,57.075
140,178.295,56.737,57.503,56.678,59.704,59.124,57.093,56.961,56.235,56.607
150,56.156,56.882,57.144,57.764,57.968,57.159,56.697,58.717,57.274,56.48
160,56.745,56.577,57.824,177.202,56.887,56.882,56.88,58.388,58.806,56.2
170,56.745,57.452,56.791,57.071,176.937,55.177,56.138,55.887,55.961,56.016
180,56.011,55.951,56.642,55.229,55.893,55.844,56.03,56.033,57.484,55.736
190,55.616,55.799,55.805,56.733,55.849,55.944,55.738,56.569,56.473,56.981
200,56.059,64.791,58.26,56.585,56.207,176.617,57.131,56.708,58.496,56.989
210,57.354,59.039,58.787,56.814,56.145,56.744,56.237,57.064,59.856,56.976
220,57.078,57.451,56.442,58.194,56.65,57.653,,,,
,,,,,,,,,,
36 - GHOST RIDER,,,,,,,,,,
,,,,,,,,,,
Laps,1,2,3,4,5,6,7,8,9,10
,-,58.609,59.278,58.309,58.005,58.186,59.298,58.635,57.324,56.924
10,56.659,56.691,58.786,56.772,56.861,57.086,58.812,60.254,57.366,179.925
20,59.378,57.699,59.246,57.414,58.44,59.111,58.239,59.217,59.281,58.255
30,62.188,61.229,179.955,57.319,56.226,57.775,56.436,56.369,56.859,56.5
40,57.037,56.291,56.512,56.843,58.824,56.652,57.272,57.16,57.31,60.107
50,57.321,57.715,56.673,57.217,57.776,57.406,57.301,57.512,56.821,176.945
60,57.824,58.671,57.511,57.406,57.916,56.626,57.914,58.522,57.632,56.747
70,57.557,57.588,57.527,57.297,57.672,59.126,58.94,56.416,57.157,57.804
80,57.584,56.427,56.791,56.85,57.091,193.926,59.293,56.621,56.442,56.693
90,59.95,56.419,56.684,56.22,58.768,56.439,57.445,57.68,58.315,56.364
100,57.672,56.43,57.602,178.783,57.469,177.091,57.773,56.527,57.625,56.939
110,57.856,56.627,57.573,103.911,95.043,89.429,78.65,101.753,61.747,59.288
120,62.139,60.186,60.551,59.34,59.996,180.862,57.882,57.117,56.989,57.702
130,57.613,57.792,57.307,57.881,57.391,57.053,57.317,57.986,57.434,57.161
140,57.353,57.624,59.507,57.054,57.288,56.841,57.22,57.533,57.49,56.942
150,57.04,56.917,56.702,56.861,57.003,178.735,56.788,58.154,56.305,57.144
160,57.417,57.772,57.033,56.015,55.924,56.97,56.82,56.698,56.891,56.279
170,56.37,56.56,56.619,56.299,56.448,56.455,56.45,55.988,56.725,57.312
180,55.924,55.823,56.05,56.544,57.261,56.22,56.845,56.124,56.738,57.57
190,56.726,57.359,179.258,58.785,57.191,57.334,57.058,58.109,57.037,57.106
200,59.447,57.953,56.396,56.707,57.268,57.131,59.458,60.206,177.373,57.335
210,57.054,177.323,56.415,55.894,56.157,55.909,56.646,55.758,56.178,55.923
220,56.128,56.258,55.658,56.988,56.745,,,,,
,,,,,,,,,,
26 - KARTΕΛ RACING TEAM,,,,,,,,,,
,,,,,,,,,,
Laps,1,2,3,4,5,6,7,8,9,10
,-,59.632,58.891,57.269,58.505,60.125,58.561,56.974,57.053,57.107
10,56.731,56.48,57.709,56.079,57.069,57.243,57.893,56.227,57.284,56.625
20,56.467,179.16,58.585,58.153,57.385,57.607,57.156,57.802,58.626,57.08
30,57.584,58.517,57.746,57.858,58.417,59.361,57.62,59.526,57.438,57.416
40,59.476,58.456,58.265,57.738,59.747,58.377,182.372,60.009,57.938,58.566
50,57.51,57.984,57.763,58.249,58.506,56.525,56.815,58.327,57.099,56.88
60,56.68,58.165,57.272,57.125,57.406,57.815,56.866,58.119,56.981,56.519
70,57.099,58.459,57.63,179.921,58.772,56.506,57.282,56.733,56.846,56.339
80,57.76,56.377,55.956,55.93,56.294,56.727,55.892,56.657,57.091,57.092
90,57.075,181.809,60.207,57.65,76.387,59.179,59.194,60.128,59.788,59.371
100,60.201,59.247,183.051,57.277,57.434,56.522,57.443,56.68,57.553,57.408
110,57.084,57.074,57.283,57.933,57.537,98.121,95.428,90.367,79.144,96.417
120,61.402,58.162,58.164,60.214,59.677,57.061,56.862,57.341,57.089,57.569
130,56.665,56.588,183.61,57.974,56.035,56.056,56.274,56.332,56.49,56.892
140,56.768,55.902,56.201,56.073,56.741,55.65,57.134,57.481,56.8,184.631
150,56.993,57.885,57.872,57.06,57.391,57.381,57.512,57.873,60.823,58.506
160,58.211,59.672,57.928,187.145,56.658,57.391,57.179,57.519,57.245,57.432
170,56.428,57.59,56.621,56.784,57.414,57.581,57.346,58.109,57.311,56.414
180,56.291,57.233,56.667,56.196,57.118,56.683,57.1,183.316,56.353,56.166
190,56.223,57.075,56.38,57.518,57.017,56.959,57.013,56.378,56.479,55.999
200,57.35,55.961,188.521,60.048,58.871,57.788,57.763,57.793,58.497,58.403
210,57.936,183.566,56.822,56.056,56.498,55.887,57.307,56.492,56.404,57.089
220,56.211,56.51,56.522,57.097,,,,,,
,,,,,,,,,,
46 - KIS,,,,,,,,,,
,,,,,,,,,,
Laps,1,2,3,4,5,6,7,8,9,10
,-,57.916,60.858,57.241,57.491,58.326,59.194,57.406,57.092,56.859
10,56.545,56.706,57.548,56.749,57.167,58.62,59.253,58.108,57.401,181.704
20,60.34,58.003,59.642,57.076,59.199,58.945,57.01,59.434,56.893,59.26
30,57.661,57.954,58.821,56.981,56.963,57.306,57.038,57.46,59.339,186.341
40,57.788,57.417,56.402,56.073,56,55.941,56.53,56.962,57.08,59.451
50,57.5,57.563,57.572,57.205,57.77,58.624,56.262,57.293,57.093,183.255
60,58.336,58.333,58.567,56.488,57.705,57.739,57.255,58.404,57.916,58.213
70,58.759,59.102,59.266,58.496,59.815,58.032,58.071,180.19,57.236,56.085
80,55.965,56.839,56.109,56.641,56.427,56.197,56.442,56.558,55.923,56.219
90,177.633,58.037,57.625,57.761,56.719,59.446,58.537,57.294,57.045,58.774
100,57.21,58.137,61.315,181.045,79.937,57.288,57.117,58.151,57.511,57.04
110,56.818,56.714,57.757,96.303,98.665,89.664,75.864,92.804,57.567,59.365
120,58.503,59.715,60.231,57.663,58.822,58.357,58.099,58.518,182.509,57.955
130,58.066,59.531,57.642,56.868,58.053,58.291,58.728,57.832,59.321,57.07
140,57.802,59.45,57.422,66.19,58.678,59.724,59.562,59.612,177.997,57.36
150,56.38,57.437,55.814,56.079,56.471,57.028,55.472,55.649,55.715,55.766
160,56.015,56.06,56.227,58.306,59.459,257.05,57.923,58.63,59.662,57.882
170,57.932,59.013,57.881,59.081,58.021,59.312,58.686,58.418,58.179,58.421
180,56.846,58.228,59.239,58.852,58.185,186.427,56.543,56.205,56.178,56.71
190,56.49,57.674,57.627,55.998,56.751,58.973,57.028,56.822,181.781,56.838
200,56.895,57.871,57.678,57.784,58.5,59.493,57.342,58.49,61.788,180.46
210,56.242,56.427,57.072,56.537,55.476,55.605,58.391,56.721,56.899,65.813
